id,title,search_title,delete,count
ea54aea20568,アファメーション「言葉」があなたの人生を決める,,,23
3f18701cc44e,「いい会社」はどこにある？【コンプリート版】――電子書籍限定オールカラー,,,21
52f29fe27248,思考は現実化する（文庫本の方上),,,19
2cffb31ad248,影響力の武器[第三版]: なぜ、人は動かされるのか,,,16
99b842a6fe78,改訂版 金持ち父さん 貧乏父さん:アメリカの金持ちが教えてくれるお金の哲学,,,14
16949098fcf6,ザ・シークレット,,,14
2a3f2235455a,新版　科学がつきとめた「運のいい人」,,,10
f3c6001b3a12,friday forward,,,10
1712657cef25,新版　科学的な適職,,,9
745153d9cd00,オリジナルズ,,,8
1515fcabd981,シンプルで合理的な人生設計 単行本（ソフトカバー） – 2023/3/8,,,8
a87f54215334,時間最短化、成果最大化の法則　―１日１話インストールする＂できる人＂の思考アルゴリズム―,,,8
c4be216d21ce,新版 お金持ちになれる黄金の羽根の拾い方 知的人生設計のすすめ,,,7
b447787437b7,医者が教えるサウナの教科書――ビジネスエリートはなぜ脳と体をサウナでととのえるのか？,,,7
3b04c243f0f0,人を動かす②,,,7
e9def2a13624,金儲けのレシピ（事業家bot),,,7
265a405b4b08,一流の頭脳　BRAIN,,,7
951fba945390,「働き方　完全無双」ひろゆき,,,7
b5e1dc8ad061,『ジェームズ・クリアー式 複利で伸びる1つの習慣』,,,6
c443d3030ba9,ライフピボット 縦横無尽に未来を描く 人生100年時代の転身術 できるビジネスシリーズ,,,6
38122997e03d,時間術大全――人生が本当に変わる「８７の時間ワザ」,,,6
6dc5016e32ff,スマホ脳,,,6
53485119f104,仕事と人生を変える 勝間家電 勝間和代,,,6
1af225563ea6,こうやって頭のなかを言語化する。 荒木 俊哉,,,6
f991df524a3a,静かな退職という働き方　会社辞めずに“最低限の仕事”「静かな退職」広がる「ダラダラした方がコスパいい」,,,6
7d15c7049c02,メンタリストDaiGoの心を強くする300の言葉,,,6
dec4611874da,ブレインプログラミング,,,6
032d0f368b40,ハイコンセプト,,,6
b9ae36bfb9b1,フルパワー科学が証明した自分を変える最強戦略,,,6
9779622d1e80,７つの習慣カード,,,6
36c199f52cb4,あなたの夢を現実化させる成功の９ステップ,,,6
6bf6b508a525,人助け起業（ブレンドンバーチャード）,,,6
1a827d5e5a7b,MIND OVER MONEY 193の心理研究でわかったお金に支配されない13の真実,,,5
d589a16c8cdf,ＬＩＭＩＴＬＥＳＳ　超加速学習―人生を変える「学び方」の授業,,,5
f83e68a38746,精神科医が教える ストレスフリー超大全――人生のあらゆる「悩み・不安・疲れ」をなくすためのリスト,,,5
0a9b3673988c,嫌われる勇気―――自己啓発の源流「アドラー」の教え,,,5
554fb42e8f25,ロングゲーム 今、自分にとっていちばん意味のあることをするために,,,5
88a0d8166fe0,超効率 耳勉強法,,,5
b3139d09adf3,あなたはあなたが使っている言葉でできている Unfu*k Yourself,,,5
c4f438a3e9e4,夢をかなえるゾウ１,,,5
7c4db6e0014d,ハムレット (新潮文庫),,,5
1a2cc361f31d,１％の努力　ひろゆき,,,5
7d5b06c3e820,魔法の宝地図,,,5
7119c6fabc47,自分を変える方法。,,,5
673854f8f777,1%の努力（ひろゆき）,,,5
799506df3a50,自分の変え方　認知科学コーチングで新しい自分に会いに行く (幻冬舎単行本),,,5
0c2faab107ea,「誰かのため」に生きすぎない 精神科医が教えるがんばりすぎない気持ちの整理術 (特装版),,,5
843b1b029056,2030 未来のビジネススキル19　AIに仕事を奪われると感じたら読む本,,,5
edb9d7e1fcc5,金利が上がっても、 住宅ローンは「変動」で借りなさい――１時間でわかる「新時代のお金の常識」,,,5
d6e68f059108,サイコロジー・オブ・マネー――一生お金に困らない「富」のマインドセット,,,4
c2b59c480514,新版 手ぶらで生きる。 見栄と財布を捨てて、自由になる50の方法,,,4
67c6e644f55e,バカと無知―人間、この不都合な生きもの―,,,4
393c431fc424,新版　お金の減らし方,,,4
e454294762ae,オーガニックフェアトレードカフェインレスインスタントコーヒー,,,4
abc92a0508d6,改訂版 4日間で脂肪だけをキレイに落とす本 筋肉が落ちない究極のラクやせファスティング,,,4
c5a27b810671,もっと言ってはいけない,,,4
469a2f623195,『Think clearly 最新の学術研究から導いた、よりよい人生を送るための思考法』,,,4
09f66a3ae132,佐久間宣行のずるい仕事術――僕はこうして会社で消耗せずにやりたいことをやってきた,,,4
2f601bf12926,最高の体調 ACTIVE HEALTH,,,4
fc7e891e4b14,バビロンの大富豪 「繁栄と富と幸福」はいかにして築かれるのか,,,4
bf32c3f31301,7つの習慣,,,4
7ff40f662e3a,CHANCE チャンス②,,,4
d60e37f89d9d,LOVE理論②,,,4
49ba9a147f95,史上最高のセミナー,,,4
2ce77a82d7e6,スタンフォード式 最高の睡眠 単行本,,,4
3a78307d0510,マーフィーの法則,,,4
d9c583c2de7e,GRIT やり抜く力,,,4
031cdfcfe25b,超自己成長術アルターエゴ,,,4
958ecd6acd44,超加速学習リミットレス,,,4
b285628779af,この人と結婚していいの？（新潮文庫）,,,4
b3a194b705b4,付加価値のノウハウを体系化,,,4
7930f1bf4ea9,イラスト：野田サトル／集英社,,,4
e889cc319916,GRATITUDE (グラティチュード) 毎日を好転させる感謝の習慣,,,3
fc2b9fd75cda,運とコネのつかみ方: あなたもお金持ちになれるキーワード「法則」「習慣」「成功体質」,,,3
e410d2f2b241,書いてはいけない――日本経済墜落の真相,,,3
57401d8db889,1日5分で、お金持ち―誰でもできる、お金の超基本大全,,,3
040dfc542fd7,「パラレルインカム」のはじめ方 私たちの新しい「お金と生き方」の選択肢,,,3
1c016cc1752f,髪が増える術――成功率９５％のプロが教えるすごいメソッド,,,3
a433c7450a11,SINGLE TASK 一点集中術――「シングルタスクの原則」ですべての成果が最大になる,,,3
94c17530279d,人は話し方が9割,,,3
3944b19a746e,ＬＩＦＥＳＰＡＮ（ライフスパン）―老いなき世界,,,3
a41d74d62fa5,非常識な成功法則,,,3
6f98c3eccbf8,超ストレス解消法 イライラが一瞬で消える100の科学的メソッド,,,3
8820e2fd06fa,新版 人は、なぜ他人を許せないのか？,,,3
4cfa9e7c6e3e,キーエンス流 性弱説経営,,,3
7db6ab737f68,歩く　マジで人生が変わる習慣 池田光史,,,3
83d91fd3c5e8,なぜ働いていると本が読めなくなるのか,,,3
5278556f0e81,「繊細さん」の4つの才能 世界最先端のHSP研究家が教える繊細さを強みに変えるヒント,,,3
45eff7db03d5,頭がいい人の脳の使い方―――記憶力を高める８つのメソッド,,,3
1bff770a4318,真の「安定」を手に入れる シン・サラリーマン――名著300冊から導き出した人生100年時代の攻略法,,,3
281d09f09b49,スタンフォードのストレスを力に変える教科書,,,3
185127356c51,「男の色気」のつくり方――― 「その一言」「そのしぐさ」が、“違い”をつくる。,,,3
a1a6299b3885,ひろゆきのシン・未来予測②,,,3
e19e20a4f53b,ユダヤの商法②,,,3
3051a89a04ef,ずるい考え方　カタい頭がやわらかくなる発想トレーニング,,,3
480a3bd8b399,天才はディープ・プラクティスと1万時間の法則でつくられる,,,3
507ff28d8484,なぜかうまくいく人のすごい無意識　すべて思い通りになる,,,3
f8e63d7b8715,バビロン大富豪の教え（漫画版）,,,3
8846baaad5b6,ホントに、この人と結婚していいの？,,,3
3177c7abbd1a,お金は君を見ている（キムスンホ）,,,3
d4c30875e716,１年で億り人になる（戸塚真由子）,,,3
b2a5909c0347,オルターエゴ　超自己成長術,,,3
08c503203ef0,あなたの夢を現実化させる成功の9ステップ,,,3
609dd336716e,HEROの法則,,,3
85fd1ccb8706,好きなことだけで生きていく。　堀江貴文,,,3
a21283d43c88,自分で「始めた」女たち 「好き」を仕事にするための最良のアドバイス&インスピレーション,,,3
a52fd848aed0,The long game（ロングゲーム）,,,3
4292f3986340,小さなチーム、大きな仕事　完全版,,,3
b4ec51cfecd5,脳科学マーケティング100の技術,,,3
4e8cbbee4c57,儲けのアイデア発想術,,,3
3de8fd4e6d82,GACKTの超思考術,,,3
b3bd729cfa71,夢を叶えるゾウ1,,,3
958be581f8b9,道は開ける（文庫版),,,3
a71bfb54469f,メンタリストDaiGoの幸せをつかむ言葉,,,3
60ff887df863,FULL POWER（フルパワー）,,,3
c14481aaaab6,金利を見れば投資はうまくいく　日本編,,,3
436033447d78,AI分析でわかった トップ5％社員の習慣 トップ5%シリーズ,,,3
378049667e40,いつも機嫌がいい人の小さな習慣 仕事も人間関係もうまくいく88のヒント (毎日新聞出版),,,3
800d33efe181,物語思考　「やりたいこと」が見つからなくて悩む人のキャリア設計術 (幻冬舎単行本),,,3
483ac71408fd,若者恐怖症ーー職場のあらたな病理,,,3
48a734bea4ae,株トレ――世界一楽しい「一問一答」株の教科書,,,3
3a919a567ab3,プロフェッショナルのための半導体情報『大山レポート,,,3
ea2158b20387,"新書：誰でも""天才になる""方法",,,3
8a24481edcca,ユニクロ,,,3
c8253ded0d34,ぴえんという病,,,3
3ce92b57f859,世界一ゆるい勉強法,,,3
04707a84631a,気くばりのススメ,,,3
9726d57493ed,森永卓郎流「生き抜く技術」ーー31のラストメッセージ,,,2
90dab2cd4d2e,改訂新版 自分を変える習慣力　コーチングのプロが教える、潜在意識を味方につける方法,,,2
9f2ead90e434,奇跡スイッチの押し方! 潜在意識で夢を叶える,,,2
0f74986f9e57,HIDDEN POTENTIAL 可能性の科学――あなたの限界は、まだ先にある,,,2
58e04f62cec2,仕事も人間関係もうまくいく放っておく力: もっと「ドライ」でいい、99の理由,,,2
f792b3efe99c,捨てられた僕と母猫と奇跡――心に傷を負った二人が新たに見つけた居場所,,,2
4566d00513ec,ザイム真理教――それは信者8000万人の巨大カルト,,,2
69fcd17bfaf1,改訂版　本当に必要なものはすべて「小さなバッグ」が教えてくれる,,,2
57b91ab28a30,無駄をスッキリさせて、人生の質を高める　時間デトックス,,,2
19a7379205a2,時間のデザイン,,,2
3349dc6d13e2,親子で学ぶ　どうしたらお金持ちになれるの？　――人生という「リアルなゲーム」の攻略法,,,2
6cc3195c0120,おすすめの「シューズラック」,,,2
e4045ddd34dd,おすすめの「水切り袋」,,,2
11afe86977cd,クエン酸：,,,2
e8bb599ef580,ドライヤースタンド,,,2
6e581b04db10,歯ブラシホルダー,,,2
cc7f7ae5fb71,有機カフェインレス緑茶ティーバック1gx100p,,,2
3bd1cf112f16,The Blue Zones（ブルーゾーン）　２nd Edition（セカンドエディション）,,,2
76978f81fd49,TIME OFF　働き方に“生産性”と“創造性”を取り戻す戦略的休息術,,,2
2d79c592b935,時間錬金術 「いつかやりたい」を「いまできる」に変える時間のつくり方・使い方,,,2
bb8c96e4a045,脳が強くなる食事～GENIUS FOODS～,,,2
32fb17a8f521,飲まない生き方 ソバーキュリアス Sober Curious,,,2
1c0ac3c2ea37,90日で「貯める力」をつける本,,,2
de57eb782c9b,「40歳の壁」をスルッと越える人生戦略,,,2
df5de3f6543a,なんだかよくわからない「お腹の不調」はこの食事で治せる! 世界が認めた低FODMAP(フォドマップ)食事法,,,2
20fc48a5aad5,体が若くなる技術,,,2
f329ef4104d4,科学的に自分を思い通りに動かす セルフコントロール大全,,,2
668ddaed0024,人は聞き方が９割,,,2
ef058e837394,５秒でチェック、すぐに使える！　２行でわかるサクサク仕事ノート,,,2
ee8a7a444399,すべてを手にする人が捨てている41のこと,,,2
eaecf111707c,あした死ぬかもよ？　人生最後の日に笑って死ねる27の質問 名言セラピー,,,2
74cb84bf9d1b,「無敵」のメンタル,,,2
a3782f296844,一度しかない人生を「どう生きるか」がわかる100年カレンダー,,,2
f15bf12b0dc7,ウォ―ルストリート流 自分を最大限運用する方法,,,2
61f4a9ab7c01,目からウロコが落ちる 奇跡の経済教室【基礎知識編】,,,2
15ae2fdbdfe6,若返りの科学 医学が実証した本当のアンチエイジング,,,2
a271654ba3f3,ぼくたちに、もうモノは必要ない。- 断捨離からミニマリストへ,,,2
3a8088dd9d09,自分でできる子に育つ ほめ方 叱り方,,,2
d81a7b44e408,「一人で生きる」が当たり前になる社会,,,2
4ea13eecb4c2,疲れたら動け！,,,2
1725697ef743,News Diet,,,2
ca78db684f05,免疫力が10割――腸内環境と自律神経を整えれば病気知らず,,,2
02f0c908e70e,SUPER HUMAN　シリコンバレー式ヤバいコンディション,,,2
35d949389198,独学大全――絶対に「学ぶこと」をあきらめたくない人のための５５の技法,,,2
811536fe9209,FIRE 最強の早期リタイア術――最速でお金から自由になれる究極メソッド,,,2
6ca0917fc0d6,神メンタル 人生は心の強さが9割,,,2
9d6aab125fbb,努力不要論,,,2
4dd21778c153,投資家みたいに生きろ――将来の不安を打ち破る人生戦略,,,2
f6f0a9726a00,できる男は超少食―空腹こそ活力の源 !,,,2
b0eafad84a93,このままだと、日本に未来はないよね。,,,2
d344eab56796,これからを生きるための無敵の―お金の話,,,2
bf97bb5e2ba4,バカと付き合うな,,,2
9ccf9b1fd0c2,医者が教える食事術2 実践バイブル 20万人を診てわかった医学的に正しい食べ方70,,,2
fb4bd5274c1e,幸福の「資本」論――あなたの未来を決める「３つの資本」と「８つの人生パターン」,,,2
43d892fa03f0,凡人道 役満狙いしないほうが人生うまくいく,,,2
7616f72b563b,科学的根拠（エビデンス）で子育て 教育経済学の最前線,,,2
b43f1b231d04,解像度を上げる――曖昧な思考を明晰にする「深さ・広さ・構造・時間」の４視点と行動法,,,2
446d7de8bfdc,数値化の鬼――「仕事ができる人」に共通する、たった１つの思考法,,,2
03e162125450,売上最小化、利益最大化の法則――利益率29％経営の秘密,,,2
2be36be895aa,３か月で自然に痩せていく仕組み――意志力ゼロで体が変わる！３勤１休ダイエットプログラム,,,2
721b05107c96,HSPサラリーマン――人に疲れやすい僕が、 楽しく働けるようになったワケ,,,2
a325d66e2f8e,失敗の本質,,,2
8035f0afc9ee,サードドア―精神的資産のふやし方,,,2
40bb44d34afa,バカの壁,,,2
6ce22444ea1f,マネジメント,,,2
026c3dab81c2,夢をかなえるゾウ４　ガネーシャと死神,,,2
f8df7f28d484,月10万円稼いで豊かに暮らす　 定年後の仕事図鑑 坂本 貴志,,,2
f8a5f1e29bc8,NEXUS 情報の人類史 上　人間のネットワーク/下　AI革命,,,2
c75c7845360e,わたしが「わたし」を助けに行こう　―自分を救う心理学―,,,2
b1e6e9acacf9,道をひらく,,,2
63397eb1e3fb,奴隷の哲学者エピクテトス 人生の授業――この生きづらい世の中で「よく生きる」ために,,,2
d0ca33b0d920,自分を変える方法――いやでも体が動いてしまうとてつもなく強力な行動科学,,,2
47b3579ddbb1,勘違いが人を動かす――教養としての行動経済学入門,,,2
06872e7dd84e,ベスト・パートナーになるために―――男と女が知っておくべき「分かち愛」のルール 男は火星から、女は金星からやってきた,,,2
70cb65125f51,小さいことにくよくよするな！,,,2
d1845161b2f5,未来の年表２　人口減少日本であなたに起きること,,,2
07996ec12507,元国税専門官がこっそり教える あなたの隣の億万長者――富裕層に学んだ一生お金に困らない29の習慣,,,2
e399bc3a74b5,海外旅行は自分を変える最強の武器 外資系エグゼクティブの旅行術は時代を生き抜くヒントになる！,,,2
a8c69727d2fd,Chatter(チャッター): 「頭の中のひとりごと」をコントロールし、最良の行動を導くための26の方法,,,2
1a6d371cfb57,HAPPY STRESS （ハッピーストレス） ストレスがあなたの脳を進化させる,,,2
97b0489446eb,13歳からの億万長者入門―１万円を１億円にする「お金の教科書」,,,2
1d3d80201b5d,1週間に1つずつ。いつも調子がいい人の 体を動かす習慣 休める習慣,,,2
71b47954602b,夢をかなえるゾウ0(ゼロ) ガネーシャと夢を食べるバク,,,2
9a0d295a9ea4,バナナの魅力を100文字で伝えてください 誰でも身につく36の伝わる法則,,,2
fcd6b9c941df,脳が目覚めるたった1つの習慣,,,2
8d04e9d47be5,異性の心を上手に透視する方法,,,2
098051a62fc7,「男の自信」のつくり方―――男（オス）の中の男（オス）が実践していること,,,2
5e1f1a52b426,服が、めんどい――「いい服」「ダメな服」を１秒で決める,,,2
92922a79ddd8,30代を後悔しない50のリスト 1万人の失敗談からわかった人生の法則,,,2
3558a967e8be,雑談の一流、二流、三流②,,,2
430de7924e87,アルケミスト 夢を旅した少年/あなたが今すぐ行動できない理由8選,,,2
6c15db0c5e77,どうしようもなく仕事が「しんどい」あなたへ　ストレス社会で「考えなくていいこと」リスト,,,2
7a9178019b95,ブスのマーケティング戦略②,,,2
30c33c5993a8,達人のサイエンス — 真の自己成長のために,,,2
68499fd099e2,知っているだけで人生が変わる言葉５選 Part2,,,2
26d339c05510,チーズはどこへ消えた？,,,2
ac29a2ce6e3c,ＡＩ分析で分かったトップ５％社員の習慣,,,2
cb640cb73767,20歳の時に知っておきたかったこと,,,2
04e909aaa3cb,月の商人,,,2
84e02928a73e,習慣超大全――スタンフォード行動デザイン研究所の自分を変える方法,,,2
d6f46b1ec1e7,30年調査でみる－哀しくも愛おしい「40代おじさん」のリアル,,,2
63a4cfbb440c,やる気のスイッチ,,,2
17cfe25eea3c,まじめな人ほど報われない！？　コーチング医が教える生きづらさを開放する未来型メタ思考,,,2
dbfa20041ceb,名著から導く お金増える最強のルール,,,2
7ce9948dc18d,1日1問答えるだけで理想の自分になれる365日の質問,,,2
b2d31cb381ca,志高く 孫正義正伝 決定版,,,2
0c9a38351c98,150人のお金持ちから聞いた一生困らないお金の習慣,,,2
d4410f05662d,1分で話せ2【超実践編】,,,2
fd790112805f,あなたは絶対！運がいい,,,2
851394f05376,ユング心理学入門(岩波現代文庫),,,2
4a831119c1fa,秘蔵宝鑰,,,2
aa089d70fb4e,幸福について―人生論 (新潮文庫),,,2
6336d0ac0638,自由からの逃走 新版,,,2
f4d8e8efb787,ハムレット（岩波文庫）,,,2
edfdc222b9e4,ハムレット (シェイクスピア名作劇場)　※衛兵の目線で書かれています,,,2
99fa554b0bd1,こどものためのハムレット (シェイクスピアっておもしろい!),,,2
fb7e811c0409,DREAM ドリーム 成功者が教える魂の富の作り方,,,2
ff6f3349766a,天才の閃きを科学的に起こす 超、思考法――コロンビア大学ビジネススクール最重要講義,,,2
82aa2083e42b,最強の健康法,,,2
d40b01cd1a00,堀江貴文さんのゼロ　なにもない自分に小さなイチを足していく,,,2
d76213fca25f,カフェインレスコーヒー,,,2
8fca3c487100,リミットレス　超加速学習,,,2
6938f4d0af27,メンタリストDaiGoさんの一瞬で人生が変わるすっごい呪文,,,2
436353075d35,勝者の先読み思考－ビジネス戦略の基本と実践,,,2
a613d639edf2,自分を磨く,,,2
ccca7c799225,NYの人気セラピストが教える 自分で心を手当てする方法,,,2
f04af61b3f33,HERO,,,2
4811662c001f,10億分の１の自分の才能を見つけ出す方法　SIGNAL,,,2
a7458b4067df,逆境に打ち勝つ,,,2
b2845d0f26f9,マインドセットやればできるの研究,,,2
15e91cc2982f,アダムグラントのTHINK AGAIN,,,2
e28f1993c1d9,世界はバランスでできている！,,,2
78e44564de16,自分を変える89の方法,,,2
6e3bc2560c81,超健康法,,,2
99d5c2622acb,超加速学習　LIMITLESS,,,2
8d011a9277db,ゲイリーの稼ぎ方,,,2
8973940932af,CHANCE/チャンス　犬飼ターボ著,,,2
0e01e4e26e64,マルチポテンシャライト,,,2
161348de3490,ハーバード×脳科学でわかった究極の思考法 （ちょっと難しくて私も1回目は挫折したけど2回目挑戦したら濃い本でした）,,,2
b5c401cdee58,第一弾のエッセンシャル思考,,,2
e3c6e45ead29,運は操れる（著：メンタリストDaiGo）,,,2
d5188e1302e3,WE HAVE A DREAM201カ国201人の夢xSDGs,,,2
1061a27bb16f,ジェームススキナー100%,,,2
b7edefb8a182,女子高生株塾　（私は古い方ですが新版でてました）,,,2
27869d3b4e04,渋谷ではたらく社長の告白〈新装版〉,,,2
4e208aebef8d,ドラゴン桜とFFS理論が教えてくれる あなたが伸びる学び型【WEB診断付き】,,,2
6d34396da061,鬼滅の刃　名言集,,,2
00c3366914c1,「人間関係をリセットして自由になる心理学」メンタリストDaiGo,,,2
88fe73e0a7e8,「人生を変える80:20の法則」リチャードコッチ,,,2
7b610044fd7c,中学英語で優しく話す,,,2
dfff046f959f,Lenovo Star Wars™/ジェダイ・チャレンジ ARヘッドセット ZA390004JP / ライトセーバー・コントローラー付属,,,2
efc9df4871fd,仕事も人間関係もうまくいく離れる力　いったん「距離を置く」、しっかり「一線を引く」 (三笠書房　電子書籍),,,2
b4d16392cbeb,言ってはいけない―残酷すぎる真実,,,2
b13777722938,無理なく限界を突破するための心理学 突破力,,,2
e7d0f7d9b214,お金か人生か――給料がなくても豊かになれる９ステップ,,,2
7af25c5202bb,今、ラジオ全盛期。,,,2
d6d794357067,99％の人がしていない たった１％のリーダーのコツ 決定版,,,2
43b0c7ed60aa,メンタリズムで相手の心を97％見抜く、操る！　ズルい恋愛心理術,,,2
ec8a2acfb3b0,すごい塩―――長生きできて、料理もおいしい！,,,2
806252622b40,老害脳 最新の脳科学でわかった「老害」になる人 ならない人 (ディスカヴァー携書),,,2
9304fed2f9e1,恋愛工学の教科書 科学的に証明された恋愛の理論,,,2
20539adfe943,3つの世界――キャピタリズム・ヴァーチャリズム・シェアリズムで賢く生き抜くための生存戦略,,,2
c71bf8729c8e,BRAIN DRIVEN　パフォーマンスが高まる脳の状態とは,,,2
2eaa974bb47f,20代だから許されること、しておきたいこと 「ブレない」「流されない」「迷わない」自分になる6つのヒント (大和出版),,,2
d9e6d2f5d71c,スマホ脳の処方箋――あなたの健康を脅かす,,,2
87ff61c00b27,脳の不調を治す食べ方　THIS IS YOUR BRAIN ON FOOD (角川書店単行本),,,2
e86d3aea0d28,シャンプーをやめると、髪が増える　抜け毛、薄毛、パサつきは“洗いすぎ”が原因だった！ (角川書店単行本),,,2
d7fd0869eb9e,無敵の思考 ――誰でもトクする人になれるコスパ最強のルール21,,,2
2362552f89b8,世界のエリートがやっている 最高の休息法――「脳科学×瞑想」で集中力が高まる,,,2
a301c85299bd,ファスト&スロー あなたの意思はどのように決まるか? 文庫 (上)(下)セット,,,2
c93dfd3c0c09,知性の復権,,,2
fa54bd671a70,資産運用の論点2026,,,2
261c00127ddb,中国と台湾ー危機と均衡の政治学,,,2
8703d5dc35fa,筋肉はすごい-健康長寿を支えるマイオカイン,,,2
91f63cd97622,新版　成長マインドセット 　心のブレーキの外し方,,,2
aa5b9028ea7a,世界秩序ーグローバル化の夢と挫折,,,2
a584766cf192,福音派ー終末論に引き裂かれるアメリカ社会,,,2
d51620504646,パックンの森のお金塾　こども投資,,,2
5dfd67d71ef9,未来のキャリアを守る 休職と復職の教科書,,,2
694783c4eb48,相続のめんどくさいが全部なくなる本,,,2
f9cf6ac42e27,週刊 Life is beautiful,,,2
3d951563abb0,「2024年 歴史的円安」の真実,,,2
120901f838c6,NVIDIA（エヌビディア）大解剖　AI最強企業の型破り経営と次なる100兆円市場,,,2
4bf86b441926,防衛産業の地政学　これからの世界情勢を読み解くための必須教養,,,2
73493e64212d,日本国の研究,,,2
a0bc367b72d5,日本国不安の研究,,,2
c7e90586e733,昭和16年夏の敗戦,,,2
26fbbabcd462,確率思考で市場を制する最強の投資術,,,2
9d664c9447be,対馬の海に沈む,,,2
4b2578e4e7a9,2045 不都合な未来予測48　生成AIが開けた扉の向こう側,,,2
620a4d53f672,変人力 - 常識を飛び越えて成功を掴む45の思考,,,2
593b573d3211,今こそ、ゴールド(金)投資！,,,2
667b755c03a6,潤日(ルンリィー),,,2
9fa77e27b1c9,大学図鑑！2025,,,2
d8883866ce1e,就職氷河期世代-データで読み解く所得・家族形成・格差,,,2
a386976edb21,人事ガチャの秘密-配属・異動・昇進のからくり,,,2
47416b922f0f,**エミン流「会社四季報」最強の読み方**,,,2
bd27bad3ad1a,詳解全訳　論語と算盤,,,2
354bac1cb1a7,スタートアップとは何か,,,2
da3a7580f338,マーケティング思考,,,2
b5956a1acb62,DXの思考法,,,2
e488e4b4916e,成長の臨界,,,2
d6a4519fd860,1100日間の葛藤,,,2
3d2d48ee859b,新型コロナ対応・民間臨時調査会,,,2
bdda216fbcf2,チームX(エックス) ── ストーリーで学ぶ１年で業績を13倍にしたチームのつくり方,,,2
18c3c225d149,訂正する力,,,2
c0205540c05e,新中国論,,,2
0c4450831780,欠落とその処方箋,,,2
f6270b7beeef,アナロジア―AIの次に来るもの―,,,2
a051900659b1,縛られる日本人ー人口減少をもたらす「規範」を打ち破れるかー,,,2
b6e38cc9f390,THE POP-UP PITCH 最もシンプルな心をつかむプレゼン,,,2
ae0c4f00920a,ソーシャルジャスティス―小児科医、社会を診る―,,,2
7ce0951abed7,冒険の書　AI時代のアンラーニング（日経BP）孫泰蔵,,,2
54846087724a,捨てられる日本 世界3大投資家が見通す戦慄の未来（ジム・ロジャーズ）,,,2
b9d147216c7b,スタンフォード式　人生デザイン講座　仕事篇,,,2
ef0d93bc4191,松村邦洋　とにかく「豊臣兄弟！」を語る,,,2
8acaa3937adc,ベルサイユのばら,,,2
283ad58861ce,風と共に去りぬ,,,2
a9e127368f7a,三国志演義,,,2
16f7766c5cc5,グロテスク　上,,,2
ee7823503294,増補改訂版パンと牛乳は今すぐやめなさい！　3週間で体が生まれ変わる,,,1
f1189d754eca,それ、いつまで持ってるの?:部屋と心を整える「ガラクタの捨て方」,,,1
80e5d8b181b9,時間がない！,,,1
e94d481c6d42,60歳でリセットすべき100のこと,,,1
4528d32bad16,女性のための50歳からの筋トレ入門,,,1
091059cd91e6,とっぱらう――自分の時間を取り戻す「完璧な習慣」,,,1
0e006b7ce6c2,The Sign ザ・サイン　「収入のケタを１つ増やすブレイクスルー思考」収入（仕事・ビジネス）編,,,1
6ddc885358da,50代がうまくいく人の戦略書: 仕事、人間関係、生活を「シフトチェンジ」する方法,,,1
aee27b730bf8,２０４５　不都合な未来予測48　生成AIが開けた扉の向こう側,,,1
7df72c5ae0c7,大前研一　日本の論点　2025～2026,,,1
ddbdf2822db8,［新版］人生を変えるモーニングメソッド　自由に機嫌よく生きている人が、毎朝していること。,,,1
bd6af09ebfdf,体も心も整う! すごい座り方: 美姿勢トーニングで、骨盤底筋を鍛える!,,,1
d791a33b78fd,モノが多い 部屋が狭い 時間がない でも、捨てられない人の捨てない片づけ,,,1
3732839d0896,自炊の壁 料理の「めんどい」を乗り越える100の方法,,,1
f69867335332,知らないと大損する！ 定年前後のお金の正解　改訂版会社も役所も教えてくれない手取りを増やす50のコツ,,,1
9d8e5bfddeec,SAME AS EVERこの不確実な世界で成功する人生戦略の立て方:人の「行動原理」が未来を決める,,,1
199fe04d2d0a,人生の経営戦略――自分の人生を自分で考えて生きるための戦略コンセプト20,,,1
77e0df844956,それって、必要?: よけいなものにしばられずに、シンプルに生きるコツ,,,1
664a2cc631fc,増量版 80歳でも脳が老化しない人がやっていること,,,1
d88f2cddc6cd,逃げる勇気――あなたが明日を生きるために,,,1
2098492142d7,透析専門医が教える！健康長寿の人が毎日やっている腎臓にいいこと,,,1
7093bc94884b,眠れなくなるほど面白い 図解 血管・血液の話: 血管・血液のギモンを専門医がすべて解決!,,,1
5ac7b97445d1,雪塩（ゆきしお）,,,1
ca1459879782,海人の藻塩（あまじんのもしお）,,,1
8f01b62e477c,脳と心が一瞬で整うシンプル習慣　60歳から頭はどんどんよくなる！,,,1
28b6dee23d77,1週間で勝手に-10歳若返る体になるすごい方法: 1万人以上が実感!食べれば食べるほど 髪・肌・体型が劇的改善!,,,1
cd2a67db164a,レンジで出来ちゃうホットサンドメーカー,,,1
c44769c1cefd,アイリスオーヤマ「今治フェイスタオルホワイト2枚セット』,,,1
1ebea6c0565b,糖質疲労,,,1
60333d61bfe0,あしゆび開き２個入り,,,1
ea7782b70702,国産有機栽培ミニヒカリ,,,1
a335210e279c,特別栽培米こしひかり　六方銀米,,,1
fad23d500508,無農薬ヒノヒカリ・新米,,,1
f59295638107,デザイニングアイブロウ3Dブラウン系,,,1
bf414bfc3778,換気扇フィルター５枚入り,,,1
e2b0cd743cb1,青森農産『訳あり　戸来黒にんにく500ｇ　2ヵ月分,,,1
501f9977cc8a,にんじんしりしり・大根千切り器,,,1
949b4d7711d5,純リンゴ酢,,,1
edeca4c3ac31,内臓脂肪の名医が教える 痩せるお酒の飲み方: お酒と肝臓の仕組みがわかれば 飲みながらでも痩せられる!,,,1
4d8ffe710ed8,えと菜園「有機きな粉200g熊本産」,,,1
58d30b7d255f,タマチャンショップ「国産煎りハトムギ150g粉末タイプ」,,,1
6444db066bb4,50代にしておくべき100のリスト 令和版,,,1
41d77f074b0e,ニールメッド サイナス・リンス,,,1
33c6aba92dfd,永岡食品　紀州愛情たっぷり南高梅,,,1
ffd848316651,ハウス GABAN セージ,,,1
ff51ce4674e8,年収300万円でもラクラク越えられる「貯蓄1000万円の壁」,,,1
3502dcea6888,食塩無添加 鯖缶,,,1
f03c4f7232ca,TOMINAGA さば 缶詰 3種 アソート,,,1
6c310c817aec,望む現実は最良の思考から生まれる,,,1
2708ea97e5ac,心が老いない生き方 - 年齢呪縛をふりほどけ！,,,1
5b830d87f7da,日本の死角,,,1
ea56fac76ae5,半分、減らす。: 「1/2の心がけ」で、人生はもっと良くなる,,,1
42a5ca1b0f8e,やってみたらわかった! 40代からの「身体」と「心」に本当に良い習慣,,,1
5bea09ac6b0f,しなやかに生きる人の習慣 何があっても立ち直る50の秘訣,,,1
e2f94c5ebf5d,80歳の壁[実践篇] 幸齢者で生きぬく80の工夫,,,1
8b920a7766de,フットウォーマー,,,1
a7fe50eaa63e,加湿器付き空気清浄機,,,1
4f8a211cbc14,老化は予防できる、治療できる - テロメアをムダ使いしない生き方,,,1
4d6c091c814b,主婦の友社,,,1
8f4ceaac45e0,やせグセがつく最強のみそ汁 (10万人以上にダイエットを指南した医師が考案),,,1
1cfeb430eb42,名医が教える　炎症ゼロ習慣　～体内年齢が10倍若返る～,,,1
d6ef160211f4,ちょうどいい孤独 60代からはソロで生きる,,,1
cf872134d1ca,Ｄｒ．クロワッサン　血管・血流は若返る,,,1
16c8dbd286ac,60歳までに「お金の自由」を手に入れる!,,,1
11bc8785d73f,賢く貯めて手堅く増やす パックン式 お金の育て方,,,1
ff3722b88800,[新版]「がまん」するから老化する,,,1
9acc74fa4265,口ぐせを変えれば、人生がうまくいく 朝起きてから夜寝るまで、いいことが起こる92の習慣,,,1
84d09f2b7abe,精神科医kagshunが教えるつらさを手放す方法　幸せになる超ライフハック,,,1
b7c65563a68d,しないことリスト,,,1
14f1fdad2507,35歳で夢をつかんだ「資産家」シンさんの教え,,,1
fdcbe5d7ce12,肝臓専門医が教える病気になる飲み方、ならない飲み方,,,1
b18166baebe9,MIND SPAN 　脳老化は食で止められる,,,1
9b3380ac3af8,老人入門 - いまさら聞けない必須知識20講 -,,,1
295f85db6daf,死ぬまで若々しく健康に生きる 老けない食事,,,1
1ed59c8d156b,LIFESPAN(ライフスパン): 老いなき世界,,,1
874106252764,LIFE SCIENCE(ライフサイエンス) 長生きせざるをえない時代の生命科学講義,,,1
4eddc576dd6c,SWITCH(スイッチ)オートファジーで手に入れる究極の健康長寿,,,1
8745f488a3d5,最新版 朝だけ断食で9割の不調が消える!,,,1
569daf84b6d2,会社も役所も銀行もまともに教えてくれない定年後ずっと困らないお金の話,,,1
8f8e68b9a6c7,知識ゼロからのスーパーフード入門,,,1
cd70488401d1,自分の時間が3倍になる 人生を変える時間術,,,1
9e9884c7f054,2度のがんから私を救ったいのちのスクワット,,,1
058f20ea67c1,超一流は、なぜ、食事にこだわるのか?,,,1
e6c835702e75,＆WELL（アンドウェル）菊芋イヌリン,,,1
aeb2a9303f5f,胃腸を最速で強くする 体内の管から考える日本人の健康,,,1
5ce75a3ef688,そのお金のムダづかい、やめられます,,,1
e4055052ab20,「脳が不快なこと」をやめれば健康になる,,,1
c2a0e267b177,給料低いのぜーんぶ日銀のせい,,,1
a0140b30c161,野菜は小さい方を選びなさい,,,1
1371b15e1520,認知症専門医が教える! 脳の老化を止めたければ 歯を守りなさい!,,,1
eb826af1daaa,大切な人に食べさせたくないもの、食べてほしくないもの,,,1
868e5a9c0230,今日がもっと楽しくなる行動最適化大全,,,1
c68043df2db0,貯金40万円が株式投資で４億円――元手を１０００倍に増やしたボクの投資術,,,1
330f30d5b3c1,Dr.ナグモの「元気塾」 医者いらずで生涯現役！「男のミラクル健康習慣」,,,1
6bd9076d7db9,長生きしたければ、原材料表示を確認しなさい！,,,1
9c2408044b22,たんぱく質ダイエット - お腹いっぱい食べても太らない医師が発案した,,,1
11846a4a2aef,じつはもっと怖い外食 - 外食・中食産業の最前線で聞いた「危険」すぎる話,,,1
74eabbce37ac,「お金」の法則--- 「貯まらない」「殖やせない」にはワケがある,,,1
c5d186b575ba,髪も肌もどんどん艶めく腸のお掃除,,,1
feb9c8f66bc5,「教養」として身につけておきたい 戦争と経済の本質,,,1
987764a4c4eb,ストレス0!で内臓脂肪が落ちる食べ方: 2週間でお腹が凹む医者が教える食事術,,,1
e874a0b1fcea,知らないと損する年金の真実 - 2022年「新年金制度」対応,,,1
2d3e4e7b13bb,食べてやせる！若返る！病気を防ぐ！たんぱく質・プロテイン医学部教授が教える最高のとり方大全,,,1
630d0151f22c,食品の裏側―みんな大好きな食品添加物,,,1
c5ff180d52db,書く瞑想―１日１５分、紙に書き出すと頭と心が整理される,,,1
8a8c1e2eac88,Kiva（お高め）,,,1
f010128f483a,Pure New Zealand Honey（比較的安価）,,,1
580c511fc198,Haddrell's of Cambridge（10+以上がおすすめ）,,,1
d94b070be313,マヌカハニーでだいたい全て解決！免疫力アップのスーパーフード,,,1
d6cd01783fe6,ビジュアル版　ねこ背は10秒で治せる！,,,1
fca93fb34ad3,腸すごい！ 医学部教授が教える最高の強化法大全 健康な心も体もすべては腸しだい！ 人生を変える腸内細菌の育て方完全ガイド,,,1
cb9564fb0e58,日本の論点 2022～23――なぜ、ニッポンでは真面目に働いても給料が上昇しないのか。,,,1
392838ffca55,一流の人はなぜ風邪をひかないのか？――ＭＢＡ医師が教える本当に正しい予防と対策33,,,1
425f22b51291,親が認知症になる前に読む お金の本,,,1
ea35f7a00355,天保堂 鹿児島県産 ごぼう茶,,,1
a3cdb7095022,「物語」の見つけ方 ー夢中になれる人生を描く思考法,,,1
f29103e33a93,普通の会社員でもできる日本版FIRE超入門,,,1
1a9179dd66e3,１万人の脳を見た名医が教える すごい左利き――「選ばれた才能」を１２０％活かす方法,,,1
df0d7f796f4d,2030年ジャック・アタリの未来予測―不確実な世の中をサバイブせよ！,,,1
0e0498738093,お金で損しないシンプルな真実,,,1
2b92294a5c37,脳が目覚めるたった１つの習慣,,,1
3d50a9f48e94,40歳からの予防医学――医者が教える「病気にならない知識と習慣74」,,,1
2c0eed59e8c9,認知症にならない！させない！世界実証メソッドを網羅！脳の名医が教える最高の脳活大全,,,1
1d1849564dc6,乳酸菌が全てを解決する,,,1
0b2f5d411e4d,0秒で動け 「わかってはいるけど動けない」人のための 自分を瞬時に動かす最強の方法,,,1
1eef80b7bb10,草食系YouTuberが教える 超臆病者のための株の教科書,,,1
4cac48a59c5a,今すぐ「それ」をやめなさい！Dr.モリタのやめるだけで健康になる50のヒント,,,1
0e0f84b8cc38,薬に頼らず痛風発作が防げる！　尿酸値リセット,,,1
127893711fde,「空腹で歩く」と病気にならない,,,1
88a2e47cb6f4,筋肉こそ金なり,,,1
78655666eaa6,ヒマラヤピンクソルト👉,,,1
ae21078a311a,モントスコ(MONTOSCO) ピンクヒマラヤンソルト👉,,,1
be6b67822dee,血糖値がみるみる下がる! 7秒スクワット ~1回7秒! 薬に頼らずヘモグロビンA1cが下がる! ~ (健康実用),,,1
ccc7b7c7f908,本当にコワい？食べものの正体,,,1
f707bf6d44c3,「隠れ油」という大問題-病気になる油、治す油,,,1
39ccfc98cee4,科学が暴く「食べてはいけない」の嘘―エビデンスで示す食の新常識,,,1
0db075825ebe,医師が教える内蔵疲労回復,,,1
d854c496a7d1,そのオリーブオイルは偽物です 日本オリーブオイルソムリエ協会,,,1
bf5fd397294b,太らない食べ方,,,1
ccd743ac2aa0,はたらくを、しあわせに。,,,1
d947dd574a95,スマホ社会が生み出す有害電磁波デジタル毒 医者が教える健康リスクと超回復法,,,1
ad76f0ecca58,「理不尽」が多い人ほど、強くなる。,,,1
9dddcb37ec09,医者が教えるダイエット最強の教科書,,,1
2d76381aeba7,実力も運のうち 能力主義は正義か？,,,1
57985a8ca3f3,図解 食べれば食べるほど若くなる法: 読んでるうちに「老化」が消えていく!,,,1
fb6c655a6b37,祈り方が9割 願いが叶う神社参り入門 ―ビジネスにも、恋愛にも、成功にも、神話の古事記・神道の神様の教え―,,,1
00ca40685493,東京医科歯科大学を首席卒業した名医が教える 世界の一流はなぜ歯に気をつかうのか――科学的に正しい歯のケア方法,,,1
a88f09cb9598,結果を出し続けている人が朝やること,,,1
a58ade459d71,長生きできて、料理もおいしい! すごい塩,,,1
d65f95a37bdd,日本が消える日──ここまで進んだ中国の日本侵略,,,1
8e329dc11812,医者が教える最強の解毒術――20万人を診てわかった医学的に正しい毒素・老廃物を溜めない生き方,,,1
e4472dbfc351,無名の男がたった7年で270億手に入れた物語,,,1
c3f758b5a823,SWITCH（スイッチ）オートファジーで手に入れる究極の健康長寿,,,1
6fde73f1bd6f,グラスフェッドギー,,,1
1712eae7527e,バージンココナッツオイル,,,1
4518c0b1680d,亜麻仁油,,,1
770eb12ac48e,得する生活―お金持ちになる人の考え方,,,1
4a40ab79fb48,ビジネスの未来――エコノミーにヒューマニティを取り戻す,,,1
fa0ad0385cc4,人新世の「資本論」,,,1
041e503a5a8c,最強の働き方―世界中の上司に怒られ、凄すぎる部下・同僚に学んだ７７の教訓,,,1
016e4884fa96,君は１万円札を破れるか？〜お金の洗脳を解くと収入が倍増する,,,1
ec3de963e1fc,腸がすべて: 世界中で話題!アダムスキー式「最高の腸活」メソッド,,,1
1cb9d443cd14,メモの魔力　-The Magic of Memos-,,,1
667e656056e0,理想の人生をつくる習慣化大全,,,1
f52f70371866,文庫改訂版 事実vs本能 目を背けたいファクトにも理由がある,,,1
d91b5c190b40,ハッタリの流儀　ソーシャル時代の新貨幣である「影響力」と「信用」を集める方法,,,1
5008e8aad947,好きなことしか本気になれない。 人生100年時代のサバイバル仕事術,,,1
5029694a4bea,超雑談力 人づきあいがラクになる 誰とでも信頼関係が築ける,,,1
8cd621af0b47,無理なくやせる脳科学ダイエット,,,1
6b18e1722edb,短期間で〝よい習慣〟が身につき、人生が思い通りになる！　超習慣術,,,1
8c7b901d4e61,凡人道 役満狙いしない方が人生うまくいく,,,1
7d309c0a280d,マネーロンダリング,,,1
558949c2270b,幸福の「資本」論―――あなたの未来を決める「3つの資本」と「8つの人生パターン」,,,1
fc45013a73c4,頭は「本の読み方」で磨かれる―――見えてくるものが変わる70冊,,,1
7ae2f48f258a,お金や人脈、学歴はいらない！　情報だけ武器にしろ。,,,1
698016157fdd,超AI時代の生存戦略 ―― シンギュラリティ＜2040年代＞に備える34のリスト,,,1
da03c2a67b6c,人の心を一瞬でつかむ方法―――人を惹きつけて離さない「強さ」と「温かさ」の心理学,,,1
c9109eea700f,脳はどこまでコントロールできるか？,,,1
09f9489ee898,「超」勉強力,,,1
0ad3bfd5afce,科学でわかった正しい健康法,,,1
82b24ed8462f,世界最先端の研究が教える すごい心理学,,,1
166cdfbbbf7b,FACTFULNESS（ファクトフルネス）10の思い込みを乗り越え、データを基に世界を正しく見る習慣,,,1
cc4f6e7a2398,身銭を切れ――「リスクを生きる」人だけが知っている人生の本質,,,1
32e10f3970e0,君たちはどう生きるか,,,1
007306111795,最高の体調 ~進化医学のアプローチで、過去最高のコンディションを実現する方法,,,1
e22fd5afd9c5,プラネタリア,,,1
003d82959a0c,熟達論―人はいつまでも学び、成長できる,,,1
d893ec53edfe,2040年　「仕事とキャリア」年表――日本の「雇用制度」は崩壊した,,,1
0cc4b9ed3de1,「答えのないゲーム」を楽しむ思考技術,,,1
c980040f2490,マーケット感覚を身につけよう---「これから何が売れるのか?」わかる人になる5つの方法,,,1
e875094fe704,営業の「聴く技術」SPIN,,,1
259d5537dbe9,自分の意見で生きていこう――「正解のない問題」に答えを出せる４つのステップ,,,1
976cfadcd757,社会人10年目の壁を乗り越える仕事のコツ 〈 若手でもベテランでもない中堅社員の教科書 〉,,,1
da0c5065c3a5,MIND OVER MONEY―――193の心理研究でわかったお金に支配されない13の真実,,,1
df0ce07bb8ca,リーダーの仮面――「いちプレーヤー」から「マネジャー」に頭を切り替える思考法,,,1
4f0d009007a8,起業の天才！―江副浩正　８兆円企業リクルートをつくった男,,,1
4b852fa1cee2,「週４時間」だけ働く。,,,1
1702bc47d834,ユダヤ人大富豪の教えIII ~人間関係を築く8つのレッスン,,,1
491943dea813,ＬＩＦＥ　ＳＨＩＦＴ（ライフ・シフト）―１００年時代の人生戦略,,,1
da1878383464,資本論 (1),,,1
a62f8bef044f,銃・病原菌・鉄 ～1万3000年にわたる人類史の謎～,,,1
8758c3f66799,チーズはどこへ消えた?,,,1
f9e40410f97b,改訂版 金持ち父さんのキャッシュフロー・クワドラント:経済的自由があなたのものになる,,,1
14d8afcd6e2d,イノベーションのジレンマ 増補改訂版 (Harvard Business School Press),,,1
fdccc05512f5,ハートドリブン 目に見えないものを大切にする力 (NewsPicks Book),,,1
ecf52268cb07,21世紀の資本,,,1
ca721bfd4c1f,「死」とは何か イェール大学で23年連続の人気講義 完全翻訳,,,1
e6fe31b8ca0f,FACTFULNESS(ファクトフルネス) 10の思い込みを乗り越え、データを基に世界を正しく見る習慣,,,1
6f2b1625b768,漫画 君たちはどう生きるか,,,1
1788cd0b3878,マンガ ブランド人になれ!    会社の奴隷解放宣言 (NewsPicks Comic),,,1
1b79f2e41159,１度きりの人生で「お金」をどう使うべきか？/アート・オブ・スペンディングマネー:,,,1
87467e4d840a,行動する人に世界は優しい―自分の可能性を解き放つ言葉―,,,1
0fe6815bf43e,フランス人は10着しか服を持たない,,,1
be096b568d05,ME TIME 自分を後回しにしない「私時間」のつくり方,,,1
4317436ff26e,弱者の戦略（新潮選書）,,,1
17317582280e,一勝九敗（新潮文庫）,,,1
a1cad44d8100,悪魔を出し抜け！,,,1
8075de28da98,透析をやめるとどうなるのか？ /透析を止めた日,,,1
7dc87c868f78,借金の底なし沼で知ったお金の味～25歳フリーター、借金１億２千万円、利息24％からの生還記,,,1
2e97762181c5,韓国消滅 鈴置高史,,,1
95be001106c4,人生の経営戦略――自分の人生を自分で考えて生きるための戦略コンセプト２０,,,1
1f309493a3a7,成功法則,,,1
c3a466e7c1ff,親子で学ぶ　どうしたらお金持ちになれるの？②――人生という「リアルなゲーム」の攻略法,,,1
2957792217bf,親子で学ぶ　どうしたらお金持ちになれるの？①　――人生という「リアルなゲーム」の攻略法 橘 玲,,,1
c7fcf9aee0a1,エブリシング・バブル 終わりと始まり――地政学とマネーの未来2024-2025,,,1
b6458fc5813e,FRIENDSHIP（フレンドシップ） 友情のためにすることは体にも心にもいい,,,1
cf308f1f8dc8,話し方の戦略――「結果を出せる人」が身につけている一生ものの思考と技術,,,1
eb8571558fa2,ATTENTION SPAN(アテンション・スパン）　デジタル時代の「集中力」の科学,,,1
53003d477502,「すぐやる」力で差をつけろ,,,1
c29b513361e3,LISTEN――知性豊かで創造力がある人になれる,,,1
b34bb08b460e,きみのお金は誰のため―ボスが教えてくれた「お金の謎」と「社会のしくみ」,,,1
a27c76e9ea98,今日、誰のために生きる？----アフリカの小さな村が教えてくれた幸せがずっと続く30の物語,,,1
80536dbd3bf2,The Rules Japan 恋と結婚の“ルールズ”,,,1
e1186af3f032,時間最短化、成果最大化の法則――１日１話インストールする＂できる人＂の思考アルゴリズム,,,1
680352cbc9c0,世界一やさしい「才能」の見つけ方②　一生ものの自信が手に入る自己理解メソッド,,,1
b5ce3017b4dc,世界一やさしい「才能」の見つけ方①　一生ものの自信が手に入る自己理解メソッド,,,1
f72605eb7d6c,「第一印象」の魔法――あらゆる出会いがチャンスに変わる,,,1
4d92c95cba0a,シリコンバレー最重要思想家ナヴァル・ラヴィカント②,,,1
417c61604fa8,シリコンバレー最重要思想家ナヴァル・ラヴィカント①,,,1
f3d5478e3d04,やめる時間術　24時間を自由に使えないすべての人へ,,,1
a1437338828d,GRATITUDE 毎日を好転させる感謝の習慣,,,1
e58df28cf926,がんばらない勇気,,,1
88cbaf4bc331,ＬＩＦＥ　ＳＨＩＦＴ２―１００年時代の行動戦略 LIFE SHIFT（ライフシフト）,,,1
7504c695212d,Deep Skill ディープ・スキル――組織と人を巧みに動かす　深くてさりげない「21の技術」,,,1
1f9cbdadd71a,結局、「手ぶらで生きる女」がうまくいく モナコの大富豪に学んだ、自由に生きる57のヒント,,,1
a912b6a4e1ad,ミニマリスト式超人生戦略術: 敏感な人が会社を辞めてラクに生きていく方法,,,1
51e0c309a054,つみたて投資の終わり方　100年生きても大丈夫！,,,1
41350af7ed37,人生はあなただけのものじゃない,,,1
2a7245a4ca48,98キロの私が1年間で40キロやせた 16時間断食,,,1
acb32fab1822,だからモメる！これで解決！男女の会話答え合わせ辞典,,,1
5f3f82648379,ストレス脳,,,1
9bc04cab1e58,勉強が面白くなる瞬間――読んだらすぐ勉強したくなる究極の勉強法,,,1
41ebc5281758,映画を早送りで観る人たち～ファスト映画・ネタバレ――コンテンツ消費の現在形～,,,1
0a95c1d4f060,人は、恋愛でこそ磨かれる―――恋から愛に進化を遂げたいあなたに,,,1
17c934ae7afd,お金原論―３０代で知っておきたい「お金の知性」の高め方,,,1
4c1b70beed7f,先生、どうか皆の前でほめないで下さい―いい子症候群の若者たち,,,1
0ee8a85a7804,60歳までに「お金の自由」を手に入れる！,,,1
718438d8b26a,知らないうちにメンタルが強くなっている！―――面白いように自信がつく「21のきっかけ」,,,1
373999a02431,心配事の９割は起こらない―――減らす、手放す、忘れる「禅の教え」,,,1
725f38049f6d,運のいい人だけが知っていること: いつでも自分の庭を耕しなさい,,,1
e910309ed339,お金の本 図解だからわかる ひろゆき（西村博之）,,,1
7ecc34f2f399,"“一週間サイフ""で楽々お金が貯まる",,,1
947a847ead40,読むだけでお金のメンタルブロックが取れる本,,,1
dfb7cbbd80e2,結果を出し続ける人が朝やること―――一流の人は朝が違う。,,,1
888c9ba84581,入社１年目から差がついていた！　お金が貯まる人は何が違うのか？,,,1
cb853fbb387f,99％の人がしていないたった1％の仕事のコツ,,,1
62d51484f8e8,やってのける,,,1
08c2759ad7d0,お金のポケットが増える スゴイ！稼ぎ方,,,1
e6173dd6bba9,世界一面白くてお金になる経済講座――知識ゼロからはじめる投資のコツ,,,1
bab6c31a5e0c,男の成熟―仕事も遊びも自分に嘘をつくな,,,1
35a8b3c15965,心理研究で分かったお金に支配されない13の真実,,,1
6db08f1fa842,愛を伝える5つの方法,,,1
453e69e4e71e,なぜかうまくいく人の「秘密の習慣」,,,1
2c940c3a4d06,「ついていきたい」と思われるリーダーになる51の考え方②,,,1
3666c264074d,「ついていきたい」と思われるリーダーになる51の考え方①,,,1
57cfa0a57dff,いい男の条件―肩書きでも、年収でも、外見でもない…,,,1
9de5628870a7,結婚した方がいい女性の特徴/サレンダード・ワイフ 賢い女は男を立てる,,,1
d8d5fd035fd4,ICEMAN　病気にならない体のつくりかた,,,1
9b7d491ed8a7,どん底はツキの始まり　逆境をチャンスに変える成功脳メソッド,,,1
d65401f30523,不機嫌な妻　無関心な夫うまくいっている夫婦の話し方,,,1
8f00d9118d31,キングオブデート　非常識な逆算デート術,,,1
f283a4f6a6d7,ナンパが最強のソリューションである,,,1
f3672708ece3,5秒ルール―直感的に行動するためのシンプルな法則,,,1
e7a867cde135,ぼくは愛を証明しようと思う。③,,,1
8ef3451867af,ぼくは愛を証明しようと思う。②,,,1
0ec6a0d6fc38,ぼくは愛を証明しようと思う。①,,,1
7d2ef72a1faf,世界のエグゼクティブを変えた超一流の食事術,,,1
5deeac170d28,なぜ女はこんなことで怒るのか,,,1
446b515eb449,ユニクロ9割で超速おしゃれ,,,1
dd894064a3dc,「男性医学の父」が教える 最強の体調管理――テストステロンがすべてを解決する！,,,1
490b9c7ab0e2,いくつになっても恥をかける人になる,,,1
208fb897a210,金持ちになる男、貧乏になる男,,,1
68156221d31b,本物の気づかい,,,1
0e2b8b7b6389,成功する男はみな、非情である。 人生の勝者が遵守する残酷すぎる行動原則61,,,1
d1d807d83592,CHANCE チャンス①,,,1
738119c03a88,​​「一人で生きる」が当たり前になる社会,,,1
943e883b091f,雑談の一流、二流、三流①,,,1
4c21c0f71ba3,「辞める人・ぶら下がる人・潰れる人」さて、どうする？,,,1
809eeec57a4d,医者が教えるダイエット 最強の教科書――２０万人を診てわかった医学的に正しいやせ方,,,1
03b55ceed4a7,ブスのマーケティング戦略①,,,1
2b9e6d2e46c1,ひろゆきのシン・未来予測①,,,1
1a57d2ea4770,AI分析でわかった　トップ５％リーダーの習慣,,,1
390ea237519d,人生が変わる朝の言葉,,,1
e6de1e9bdb89,入社１年目の教科書,,,1
bc47c1b98e1e,仕事も人間関係もうまくいく放っておく力―――もっと「ドライ」でいい、99の理由,,,1
01f6dadbe68e,家賃は今すぐ下げられる! ――家賃崩壊時代にトクする知恵,,,1
c0e0d5bd4696,ゼロ―――なにもない自分に小さなイチを足していく,,,1
f09f93bcfba9,Pairs攻略大全,,,1
4afc9e5cfa17,出会いがない男の恋愛婚活の教科書 婚活に繋がる本命彼女の作り方③,,,1
21c6479cfa6b,出会いがない男の恋愛婚活の教科書 婚活に繋がる本命彼女の作り方②,,,1
a4488c058a30,出会いがない男の恋愛婚活の教科書 婚活に繋がる本命彼女の作り方①,,,1
3f0a8ec01f7f,超一流、二流、三流の休み方―――休みを見直せば、人生が変わる！,,,1
11a273ad0c31,お金の真理,,,1
094a0dac867e,生きがいについて――神谷美恵子コレクション,,,1
080f7c388fff,ジェームズ・クリアー式 複利で伸びる１つの習慣,,,1
ac5a5fd31975,LOVE理論①,,,1
8be6622d9609,99.9%は幸せの素人②,,,1
0ee06a5b8fe7,99.9%は幸せの素人①,,,1
88228a7f5719,ユダヤの商法①,,,1
c3b0eecc922f,腸がすべて―世界中で話題！アダムスキー式「最高の腸活」,,,1
0cd1e53def20,モテる男とモテない男の違い,,,1
ea6e6755b3a9,「無駄な時間」をゼロにする最強アイテム８選,,,1
12f8c9faca0d,凡人で終わる人の悪い習慣,,,1
4f5f8441b995,知らないうちに嫌われる人の行動５選,,,1
3d9a2ad58fa4,なんで男は若い女性が好きなのか？,,,1
6c96ec97c914,食は運命を左右する,,,1
007e63ff82c7,金持ち父さん 貧乏父さん②:アメリカの金持ちが教えてくれるお金の哲学,,,1
057d42700db7,金持ち父さん 貧乏父さん①:アメリカの金持ちが教えてくれるお金の哲学,,,1
ac0178292ae6,テレビのニュースを一切見てはいけない理由,,,1
717982c953c9,メンタルが落ちた時の対処法,,,1
320ae8ee9847,物が捨てられない人に送るメッセージ。あなたもものが捨てられるようになります。,,,1
ed8e56584532,学問のすすめ,,,1
c7b5fc1b968c,やめたほうがいいお金の使い方,,,1
aaa0c000a082,小さな習慣,,,1
7492fa321423,不安を簡単に取り除く方法,,,1
5ff84bb02a3b,学生へ。勉強しないと大損です。,,,1
f692d493e2fa,手紙屋 愛蔵版,,,1
c09f19d64343,スタートライン,,,1
63650d85408b,マンガでわかる「だまされない」お金の増やし方,,,1
128878d49c4f,いただきます。人生が変わる「守衛室の師匠」の教え,,,1
f1c01fe7893b,The New Case for Gold 投資の正解が見えない時代でも、ゴールドだけは裏切らない,,,1
8fe15e8a0792,AIを使って考えるための全技術――「最高の発想」を一瞬で生み出す５６の技法,,,1
150c141d3f39,すぐやる！「行動力」を高める科学的な方法,,,1
159c3cb601f7,日本人「総奴○化」計画 1985ー2029 アナタの財布を狙う「国家の野望」,,,1
a9dccf1190e6,お金の心配がなくなる未来の作り方,,,1
3b6190612576,戦略的暇―人生を変える「新しい休み方」,,,1
24f09a142235,マネー・スイッチ　お金の流れを劇的に変える50の法則,,,1
666a76d9b239,1日1分の波動習慣で「運のいい人」に変わる 「ラッキー・バイブレーション」で、なりたい自分になれる!,,,1
8e4b07bc8bca,新NISA対応 超改訂版　難しいことはわかりませんが、お金の増やし方を教えてください！,,,1
7aef0afd3bfc,たった一言でいい流れをつくる「あいさつ」の魔法,,,1
c671082a6ec6,脱うつのトリセツ,,,1
26f166027ac6,森岡毅 必勝の法則,,,1
f587f61c79d3,SUPER NORMAL,,,1
27ac12ad4762,具体と抽象 ―世界が変わって見える知性のしくみ,,,1
54052cc42aa8,雑用は上司の隣でやりなさい――あなたの評価を最大限に高める「コスパ最強」仕事術,,,1
ba947f7ffbad,生き延びるための事務,,,1
0fc67200f000,「手紙屋」蛍雪篇,,,1
c55f8471a8c7,スタンフォード大学・オンラインハイスクール校長が教える脳が一生忘れないインプット術,,,1
14a232fd7bfe,覚悟の論理戦略的に考えれば進む道はおのずと決まる,,,1
73dfabc0528b,ライフキャリア――人生を再設計する魔法のフレームワーク,,,1
b632d9bd77b5,仕事を減らす,,,1
33bd0244a58c,0→1で稼ぐ-最短最速で人生が変わる”新規事業発想”の個人ビジネス,,,1
8a1de28f15d4,営業の魔法,,,1
b37e632e909e,子どもとの関係が変わる　自分の親に読んでほしかった本,,,1
fd6e24dbe5e2,賢者の書,,,1
e182e07253c2,「あれ、もう３０？」というアナタが結果を出せる本,,,1
4d118f2fcefd,信じる力 　― あなたの人生は、あなただけのもの,,,1
13193cf08d3e,ソバニイルヨ,,,1
2e134ef3c741,「29歳貯金ゼロ！年収300万！このままで大丈夫か!」と思ったら読む本,,,1
7e3d7d1a7714,AI分析でわかった トップ5％セールスの習慣,,,1
0cf2ede2924d,残酷すぎる人間法則　残酷すぎる人間法則 ９割まちがえる「対人関係のウソ」を科学する,,,1
37b199fd56f2,星の商人,,,1
bbdb1710b34f,ディズニー掃除の神様が教えてくれたこと,,,1
8c219d97f936,40代からの「身体」と「心」に本当に良い習慣,,,1
014fde0111ff,もやだるさんのリセットスイッチ,,,1
0bd47040e6fe,"私のすべてを私が許可する“眠りのセラピー""――97%の無意識が心を癒すパーミッションセラピー",,,1
647f4cfc66c6,誰とでも上手くいく人の５５のルール　話し方の正解,,,1
71686f516185,「40歳の壁」をスルっと越える人生戦略,,,1
7a644dc81f96,三千円の使い方,,,1
24076f9aa622,自分だけの強みが見つかる適職の地図,,,1
4107589c7340,言葉にすれば「悩み」が消える言語化の魔力,,,1
430bbd676f02,人は聞き方が9割,,,1
232bfcd954f6,1万人超を救ったメンタル産業医の職場の「しんどい」がスーッと消え去る大全,,,1
a2315f19d781,株式会社タイムカプセル社,,,1
3a4236f63cfc,公認会計が教えるお金の増やし方大全,,,1
82210e61e8f4,TREASURE,,,1
ce8e41fc7088,楽しくなければ仕事じゃない,,,1
63077ecd8464,伝える準備,,,1
757f88c604b3,1日1話、読めば心が熱くなる365人の生き方の教科書,,,1
4f2ae6297742,稲盛和夫一日一言,,,1
b716a9d064d9,毎日みるだけ！自己肯定感365日BOOK,,,1
40bdceeeba17,心理カウンセラーが教える「がんばり過ぎて疲れてしまう」がラクになる本,,,1
76f19df8e4c9,99.9％の人は幸せの素人,,,1
cef9ffaca882,シン・サラリーマン,,,1
86bbe788d7cb,喜ばれる人になりなさい,,,1
440d9d3bdb90,自分を知って生きやすくなるメントレ　嫌いな人がいる人へ,,,1
6a5db6f2bd2a,会社がしんどいをなくす本,,,1
208fb3af0e38,「ドラゴン桜」に学ぶやりたくないことでも結果を出す技術、東大メンタル,,,1
205c23d5ea3a,FIRE最強の早期リタイヤ術,,,1
2ff71bd90b0a,あなたは絶対運がいい2,,,1
077ab94c372d,日本一わかりやすい強みの作り方の教科書,,,1
7843f09ba053,１日１話、読めば心が熱くなる365人の仕事の教科書,,,1
12161dd3cd69,才能の正体,,,1
c96999c44ece,~1日10分で自分を浄化する方法~マインドフルネス瞑想入門,,,1
336e2d9ac4ff,世界一プロ・ゲーマーの「仕事術」勝ち続ける意志力,,,1
db6c3e671991,夢をかなえるゾウ３　ブラックガネーシャの教え,,,1
398dab878120,夢をかなえるゾウ２,,,1
b1f041f9b7af,失敗図鑑,,,1
20f3c48355a7,あなたの夢を実現化させる９つのステップ,,,1
f464b4999d6a,Search Inside Yourself,,,1
7394a235654b,もし高校野球の女子マネージャーがドラッカーのマネジメントを読んだら,,,1
ef063691b151,言葉にできるは武器になる,,,1
dac8507a3b9a,超時間術,,,1
7c706a5b54d7,荀子 上 (岩波文庫 青 208-1),,,1
4a53d7defda1,荀子 下 (岩波文庫 青 208-2),,,1
069bdc8a2df8,荀子 (講談社学術文庫 1394),,,1
0c2748388c10,日本人の人生観 (講談社学術文庫 278),,,1
7470bcbf296c,生物から見た世界 (岩波文庫 青 943-1),,,1
7eb143404534,労働と人生についての省察,,,1
3f740b03812c,グレ-ト・ギャツビ- (村上春樹翻訳ライブラリー f- 2),,,1
408e82fb78b6,一九八四年〔新訳版〕 (ハヤカワepi文庫),,,1
1b36ea1c9b7a,1984,,,1
c7a62c532722,カタロニア讃歌 (岩波文庫 赤 262-3),,,1
288eed2280ab,後世への最大遺物・デンマルク国の話 (岩波文庫),,,1
3472736f475a,おくのほそ道   (角川文庫ソフィア 100 ビギナーズ・クラシックス),,,1
4f741a2150fe,おくのほそ道 (岩波文庫),,,1
876df6b67287,善悪の彼岸 (岩波文庫),,,1
98d8209f161f,意志と表象としての世界 (1) (中公クラシックス W 36),,,1
b26c1988e728,東洋的な見方(岩波文庫),,,1
5f54a27c335a,日本的霊性 (岩波文庫),,,1
3d6f0937081c,禅学入門（講談社）,,,1
5fdbb1b238c6,今日の芸術　新装版～時代を創造するものは誰か～ (光文社文庫),,,1
ba682ec122d9,日本の伝統 (光文社知恵の森文庫),,,1
f4254399c56b,芸術と青春 (光文社知恵の森文庫),,,1
f43534538190,幸福論(アラン) (岩波文庫 青 656-2),,,1
16cf9dcc05d0,アランの幸福論（ディスカヴァー・トゥエンティワン）,,,1
6c1a7b57aaf4,幸福論（日経BP）,,,1
7d2f94821c92,センス・オブ・ワンダー,,,1
aebc9904a36d,決定版 第二の性 I 事実と神話 (河出文庫 ホ 7-1),,,1
d541b09c6904,決定版 第二の性 II 体験(上) (河出文庫 ホ 7-2),,,1
18187d458a46,決定版 第二の性 II 体験(下) (河出文庫 ホ 7-3),,,1
819a69e51e6c,ナポレオン言行録,,,1
efa91573f7ce,映画ナポレオン,,,1
deed78635e67,怠惰への讃歌,,,1
0594ec5c3eaf,実存主義とは何か,,,1
ed0b8939c6a4,存在と無〈1〉,,,1
4ab3833bdd06,存在と無〈2〉,,,1
2fe07a8ab19d,存在と無〈3〉,,,1
84ac8159c171,葉隠 上 (岩波文庫 青 8-1),,,1
1b72bfef89e1,葉隠 中 (岩波文庫 青 8-2),,,1
552258b15aa9,葉隠 下 (岩波文庫 青 8-3),,,1
850dae8fbfb1,三教指帰,,,1
f139426306a9,般若心経秘鍵,,,1
61feab9f40be,空海｜松長 有慶,,,1
a0a73776f660,高野山 ｜松長 有慶,,,1
9a04ecae6be7,密教｜松長 有慶,,,1
3fc9ba0c24ff,秘密曼荼羅十住心論,,,1
da1e6bc001d6,オイディプス王(岩波文庫),,,1
4802b936378a,アンティゴネー (岩波文庫),,,1
d3900282abb8,コロノスのオイディプス (岩波文庫),,,1
c775225bd5f3,マンガギリシア神話 (4) 悲劇の王オイディプス,,,1
d7a3be3f5df5,レオナルド・ダ・ヴィンチの手記 上（岩波文庫）,,,1
6f5a81fd44fc,レオナルド・ダ・ヴィンチの手記 下（岩波文庫）,,,1
b9124cd6f940,レオナルド・ダ・ヴィンチ 上（文藝春秋）,,,1
c686c565f534,レオナルド・ダ・ヴィンチ 下（文藝春秋）,,,1
b78b75977768,ペンブックス1 ダ・ヴィンチ全作品・全解剖。 (Pen BOOKS),,,1
2105da30572d,弓と禅（福村出版）,,,1
56b0f67be38f,日本の弓術 (岩波文庫),,,1
d940cc1b2cc5,笑い (岩波文庫 青 645-3),,,1
81f67a96a2aa,時間と自由 (岩波文庫),,,1
46ac70b90aad,森の生活 上: ウォールデン (岩波文庫),,,1
d00a346117fb,森の生活〈下〉ウォールデン (岩波文庫),,,1
0db5f94e04ea,野生の思考,,,1
d4f4ce13a281,構造・神話・労働,,,1
f5ed93c93811,今日のトーテミスム,,,1
4f9c46dfa5c7,韓非子 第1冊 (岩波文庫 青 210-1),,,1
696c27ca1646,韓非子 第2冊 (岩波文庫 青 210-2),,,1
894a9e85718c,韓非子 第3冊 (岩波文庫 青 210-3),,,1
7a1981cbdf60,韓非子〈第4冊〉 (岩波文庫),,,1
4b2c76354a9d,二宮翁夜話（日本経営合理化協会出版局）,,,1
21d5b74ec89f,二宮翁夜話（致知出版社）,,,1
e58fa2786701,超訳 報徳記（致知出版社）,,,1
f8db0260013d,二宮先生語録（致知出版社）,,,1
b3f64c1fa9a5,人生の意味の心理学〈新装版〉,,,1
de5ede223994,ブッダのことば: スッタニパータ (岩波文庫),,,1
adf07f6018ba,大衆の反逆 (中公クラシックス),,,1
69ba0b3c68b0,プロタゴラス―あるソフィストとの対話 (光文社古典新訳文庫),,,1
4e5597f51c0c,メノン―徳(アレテー)について (光文社古典新訳文庫),,,1
263f7e31dafa,パイドン――魂について (光文社古典新訳文庫),,,1
31c3ece0322a,国家〈上〉 (岩波文庫),,,1
4a9a7476581a,国家〈下〉 (岩波文庫),,,1
56d371a8be74,パイドロス (岩波文庫),,,1
c5144cce4ea9,友情について (岩波文庫),,,1
7733764b6e37,人生論（新潮社）,,,1
e8a9a09d522c,戦争と平和1 (光文社古典新訳文庫),,,1
e151f4f1624e,アンナ・カレーニナ〈1〉 (光文社古典新訳文庫),,,1
792cfc0532aa,幼年時代 (岩波文庫),,,1
8a8ef0181cb3,漫画 人間とは何か?（文響社）,,,1
aa1644ce8f71,人間とは何か? 自己啓発の劇薬 マーク・トウェインの教え （文響社）,,,1
91ce135a5f40,「甘え」の構造 [増補普及版],,,1
854c72b61a5f,「甘え」と日本人,,,1
3ad295dd6958,ノヴム・オルガヌム (岩波文庫),,,1
7dba669d9433,人口論（講談社）,,,1
f68063c4244e,アリストテレス 弁論術 (岩波文庫),,,1
4994a05859e7,若き詩人への手紙・若き女性への手紙（新潮文庫）,,,1
50923e75b65a,若き詩人への手紙（古典教養文庫）,,,1
2d04cf34aa8a,努力論 (岩波文庫),,,1
759d5b601c0a,努力論 (いつか読んでみたかった日本の名著シリーズ11),,,1
9424921597af,五重塔 (岩波文庫),,,1
cf05ce84c6dd,茶の本 (岩波文庫),,,1
9d299594126e,幸福論 第1部 (岩波文庫 青 638-3),,,1
7d649584a8f3,幸福論 第2部 (岩波文庫 青 638-4),,,1
780aa8f6fb2c,幸福論 第3部 (岩波文庫 青 638-5),,,1
fd9a3b17b1c9,マルクス・アウレリウス 自省録 (岩波文庫),,,1
494239eda1c3,超訳　自省録　よりよく生きる（ディスカヴァー・トゥエンティワン）,,,1
8eae4fe05dfa,自省録 (まんがで読破 MD109),,,1
94fc5a60f0e7,人間・この劇的なるもの (新潮文庫),,,1
4e680884fd30,ガンディー 獄中からの手紙 (岩波文庫),,,1
eebedb370d24,エピクロス―教説と手紙 (岩波文庫 青 606-1),,,1
df3edf60a337,監獄の誕生 : 監視と処罰　新潮社,,,1
d5f1b2c68236,新版 徒然草 現代語訳付き (角川ソフィア文庫),,,1
3c978edf3e3e,自由論 (岩波文庫),,,1
a9101573ec4a,自由論（講談社）漫画版,,,1
08601c0acb49,ホモ・ルーデンス (中公文庫プレミアム),,,1
cca51b63ba68,ハマトンの知的生活のすすめ（ディスカヴァー・トゥエンティワン）,,,1
3077aaa884e0,ミケランジェロ・ブオナローティの生涯 (Artist by Artist)東京書籍,,,1
12792a658b08,ベートーヴェンの生涯 (岩波文庫),,,1
1871362460f2,夜と霧 新版（みすず書房）,,,1
d132108d32f9,夜と霧 ドイツ強制収容所の体験記録（みすず書房）,,,1
cbf82653891b,それでも人生にイエスと言う（春秋社),,,1
a064bcf84964,風姿花伝 (岩波文庫)　※古文が苦手ではない人向けです,,,1
0b188a63ce3c,風姿花伝 (いつか読んでみたかった日本の名著シリーズ)　致知出版社,,,1
b8aa7b5c6ad5,幸福論（岩波文庫）：,,,1
75ef777bb9c3,堕落論（漫画版／イーストプレス）,,,1
b0359e0e4cbf,五輪書 (岩波文庫),,,1
bdc32d30b098,［新訳］五輪書 自己を磨き、人生に克つためのヒント,,,1
6dd3ef5e5e36,五輪書　─まんがで読破─,,,1
611cecb7ab5b,ツァラトゥストラ (中公文庫プレミアム),,,1
c4583f162b0c,ツァラトゥストラはかく語りき（講談社）,,,1
73d6367b3c1d,超訳 ニーチェの言葉 (ディスカヴァークラシックシリーズ),,,1
bc4cdc973229,とらわれない。ゆるがない 人生を豊かにする「菜根譚」の言葉（PHP研究所）,,,1
208fdfb543d9,菜根譚　─まんがで読破─,,,1
16986588a8f9,松下幸之助の菜根譚,,,1
f0e44e1ef340,方丈記｜鴨長明（筑摩書房）,,,1
c1e2bf4586bc,方丈記（漫画）｜水木しげる（小学館）,,,1
56842dd4978a,生の短さについて｜セネカ（岩波文庫）,,,1
54fb3c776246,人生の短さについて｜セネカ（ＰＨＰ研究所）,,,1
1ed37e299b83,奴隷の哲学者エピクテトス　人生の授業｜荻野弘之,,,1
fe3ae343e094,"その悩み、エピクテトスなら、こう言うね。: 古代ローマの大賢人の教え｜山本 貴光 , 吉川 浩満",,,1
1c780e48e015,語録 要録｜エピクテトス　※本格的に知りたい方向け,,,1
1b0fee7e28ea,人生談義｜エピクテトス　※本格的に知りたい方向け,,,1
0b16b3c178c4,銃・病原菌・鉄（上巻）,,,1
a9a0462c293b,銃・病原菌・鉄（下巻）,,,1
f4722d3e2167,マードル　MURDLE,,,1
9813aa45d7dc,ブルーオーシャン戦略,,,1
9f6f4f3932b2,毎日を好転させる感謝の習慣 GRATITUDE,,,1
76dd14e5342e,5分後に意外な結末　金の巻,,,1
69d639525b1c,脳科学セールス,,,1
48a551b9cb55,カリスマ予備校講師が初公開！感動する説明「すぐできる」型,,,1
5a51862d4968,やり抜く力 GRIT,,,1
381abd7a9b5e,ザ・ロングゲーム,,,1
c7a4a7a3fadb,新版 自動的に夢がかなっていくブレイン・プログラミング,,,1
a2a9fdfb7399,思考は現実化する（今出ている　巨富を築く思考法 THINK AND GROW RICH ）,,,1
a0e3412e6cdc,ホット♨️,,,1
45a4a12261b8,アイス🧊,,,1
389c359207ac,マキシムコーヒー　デカフェ,,,1
4526bb834d51,100%　ジェームス・スキナー,,,1
18515f08d181,成功の連鎖,,,1
b0b1c00b3333,（７人の直筆ver,,,1
dcac62b036df,世界の一流は「休日」に何をしているか,,,1
a24de5945931,ミリオネア・マインド大金持ちになれる人(ハーブエッカー）,,,1
e950f0a422e7,どうしたらお金持ちになれるの？（橘玲）,,,1
52b90ba45339,マーフィー欲望が１００％かなう1番の方法,,,1
80ea373b0c23,たった１度でもすべてをかけたことがあるか,,,1
5bb9c6857337,超影響力（メンタリストDaiGo）,,,1
2e51bb6dc9f3,ポーズー（フェネック）,,,1
9b148facd041,多機能ボールペン,,,1
e469a3100799,クリップ,,,1
d285f5400e81,WILL POWER,,,1
5d1a18927820,ザ・ビジョン[新版] やる気を高め、結果を上げる「求心力」のつくり方,,,1
ba13ab5beed4,スティーブ・ジョブズ I,,,1
fecd495a0692,ジェームスクリア式複利で伸びる１つの習慣,,,1
efa1222a3c19,Paper white:,,,1
7d36b7df1c0a,THE GRATE FULNESS,,,1
f96fa59bc12f,さあ、才能(じぶん)に目覚めよう 新版 ストレングス・ファインダー,,,1
8355949e6abb,お金時間運命逆行者,,,1
3a07cbeb6dcc,POWER OF REGRET,,,1
1433dd1799ca,KINUAMI,,,1
fcc61b0bd884,マイセリア,,,1
2db7e0770003,デッドオブウィンター,,,1
90338acad2f2,蓋が見えるご飯釜,,,1
ed8cccb9aaaf,シャントリボディ,,,1
06b120d6816f,詐欺とペテンの大百科,,,1
3b5aa2dd8745,Mark +蛍光ペン　（マークタス）,,,1
370cb5c971c0,記録の力,,,1
2603c41ef0e8,restoolフットマッサージャー,,,1
4b30e632406f,iPad 　Pro (9.7インチ）,,,1
b99603db150d,ラポール最強の心理術,,,1
5b6398451c04,伝え方しだいで人生は思い通り神トーク,,,1
821753a90908,手触りがいいツバメノート,,,1
1fd10b0b09d4,数冊使っていたバレットジャーナル,,,1
b80cbfb06805,これ可愛くない！？今度買おうと思っているバレットジャーナル,,,1
4dd1301f0bc8,本　バレットジャーナル,,,1
a9e4a374fa22,ダイエットが上手くいかないのはあなたのせいじゃない,,,1
9328b50fad0c,ビジネスコンペ300戦無敗選ばれ続ける極意🔽,,,1
87db9c55e88b,ミリオネアマインド,,,1
09f336c3f8ec,星渉さん,,,1
a4fcde4a5c26,鈴木祐さん,,,1
dc1c4d1b0fce,望月俊孝さん,,,1
bbd8fcbd04ab,ブレンドンバーチャード,,,1
07a756af8d5e,両学長のお金の大学,,,1
1e1bc680c4c9,クリエイティングマネー,,,1
6e2def8969a6,堀江貴文の新資本論,,,1
e2d23628c1fc,d'Alba ミスト,,,1
cdb7f1566e1e,BOH リフティングクリームとアンプル,,,1
efc82e2e8a8e,cosnori トーンアップクリーム,,,1
61f261863b47,一瞬で自分を変える方法,,,1
c1a244d6f913,「心が強い人」の人生は思い通り神メンタル,,,1
00a4ccbbb77d,THE GOOD LIFE,,,1
70e69ff4118d,ホリエモンさんの多動力,,,1
ae6289e7a3f9,Chatteer,,,1
d4897b2ae01f,この人と結婚していいの?,,,1
c573ff6a0d19,オリソンマーデン成功の原理原則,,,1
502c5a81f33a,インド映画RRR,,,1
37f8e26c4802,神時間力　星渉さん著,,,1
69614487cd30,マーフィー欲望が１００％かなう１番の方法,,,1
fb6b6a64b29f,言葉の力,,,1
510565006557,Long Game,,,1
e06a0d6cd13a,魔性れ。,,,1
019c43d08963,タバコ片手におとこのはなし,,,1
a5958c473222,足マッサージ（レスツール）,,,1
d8f2ee41ad3c,ホワイトボードシート（どこでもシート）,,,1
422680daf045,シリコンパレー式超ライフハック,,,1
f61a7a536045,お金持ちトップ１％だけは知っているお金に好かれる習慣,,,1
18fac1962ae8,原因と結果の法則,,,1
8047804b66a2,GRITやりぬく力,,,1
229ec8024ad3,The vision,,,1
df460dc2a389,実験心理学が見つけた町効率的勉強法,,,1
1ae528313f21,のどぬーるマスク,,,1
8a50d02875c1,デニムのやつ Nordace Siena - 15.6インチ ノートパソコンバックパック 男女兼用 USB充電ポート付き 防水 - 日常/旅行/仕事/学校用,,,1
4bc25c8096fb,ULTRA LEARNING　超・自習法――どんなスキルでも最速で習得できる９つのメソッド,,,1
855654398af4,メンタリスト　DiGoの心を強くする300の言葉,,,1
bb1a74cd93c6,できる韓国語 初級I ワークブック,,,1
738d36cf98a7,HSK公式テキスト（３級）,,,1
5f17637293d2,公式過去問（３級）,,,1
52009851852b,人間関係100,,,1
5350f86cf9f8,10億分の1の自分の才能を見つけ出す方法シグナル,,,1
37d49e192672,覚醒脳の作り方,,,1
b9d289e48194,EMOTT,,,1
96420a5b7f06,LUSHの石鹸,,,1
66d11d569a68,本のインデックス,,,1
7feab456aa03,蛍光ペン,,,1
79c4b7916d75,ユルム茶,,,1
a4bdc8fca90b,STRONGサワークリーム,,,1
15d93a68d5e7,ヘアスプレー,,,1
fe0150f6153a,自分に嘘のない生き方,,,1
d3c6990b7a25,時間革命,,,1
cf50301a3dd0,Google Youtubeの時間術が知れる時間術大全 人生が本当に変わる「87の時間ワザ」,,,1
4c7c7ee036ab,チンプ・パラドックス 「自信」「成功」「幸福」を手にする人のマインド・マネジメント・プログラム,,,1
7a6e1d38b127,TINK AGAIN,,,1
cd210581bb2a,マーフィー欲望が100%叶う1番の方法,,,1
942bdd199bc6,あなたは絶対!運がいい,,,1
85e7521a17c2,ザハビング富と幸運を引き寄せる力,,,1
232d1e8e153c,THE RHETRIC,,,1
b1e4f4b4ded6,覚醒脳の使い方,,,1
67d736af9e57,メンタリストDaiGo 超影響力,,,1
6e855629feca,道はひらける,,,1
10ad1e1e4d64,ホンネの金言1240,,,1
3a3948521557,マンガ版堀江貴文の「新・資本論」,,,1
3ff4bf70e9c0,心を強くする300の言葉,,,1
1ec05989f2d1,ポジティブチェンジ,,,1
e6a64370846d,ウルトララーニング　超自習法,,,1
700cf711e89f,LIFE SHIFT2,,,1
ff1623e3de1e,ギブ&テイク,,,1
c37d0dc7680f,DaiGoさんの超人脈術,,,1
8d15804685e7,共感したお客様だけがゾクゾク集まる! ひとり起業家のためのオンライン集客の教科書,,,1
eb237dbf21ce,自動的に夢が叶っていくブレインプログラミング　新装版,,,1
186c5ba91582,朝５時起きが習慣になる５時起き快眠法,,,1
6daa53d9f557,人生が本当に変わる87の時間ワザ　時間術大全,,,1
27b325a91b0e,無敵の独学術　ひろゆき,,,1
cf98fdea7d2d,Cooking for Geeks 第2版 ―料理の科学と実践レシピ,,,1
98e729623c74,心に「ガツン」と刺さる！ ホンネの金言1240,,,1
043522be884b,NYで学んだ最高の魅せ方　自分を100%輝かせるセルフブロデュース術,,,1
7b62a1772763,ボールペン,,,1
9e5239d4c487,つばめのノート,,,1
23b95424a4dc,ザレトリック,,,1
fd0d383269c6,グリッド,,,1
f1a1d493a6af,季節の珈琲（春が見つからない..),,,1
9111cf4976e9,鍋(ティ●ールより安いし可愛い）,,,1
f079ff5a3796,チョーヤの梅酒,,,1
1a38a845ad69,ハローバイバイ・関暁夫の都市伝説―信じるか信じないかはあなた次第,,,1
08c48b96e0ba,バナナの魅力を100文字で伝えてください　誰でも身に付く36の伝わる法則,,,1
176b83a4d6e7,iPadカバー,,,1
5f83c6392640,ペーパーライクフィルム,,,1
5ddb85ee9856,ライフシフト1,,,1
dd5a115fce0f,ザコピーライティング,,,1
ccbf75756a04,シンプルルールズ,,,1
50f13bbb84ca,君か、君以外か（ローランド）,,,1
3506eef138e8,1分間マネージャー,,,1
9f0944d9f4bc,DaiGoさんの超戦略ノート術,,,1
2bd245966d46,フランス人は服を10着しか持たない,,,1
c8601af5af03,片付けの心理法則,,,1
105ec685a26e,ひろゆきさん著　無敵の独学術,,,1
f90d1e02a28d,無敵の独学術(ひろゆき),,,1
b81cfb5198e6,目もと隠して、オトナのはなし,,,1
9e0e98ae3865,図解　コトラーのマーケティングブック実践ワークブック,,,1
5f6bee5bc17d,５時間睡眠法,,,1
4a0fbebbd09a,夢を叶えるゾウ４,,,1
9eee27d019af,スキルペディア,,,1
75e6cb3fc5e9,江戸川乱歩少年探偵団シリーズ１,,,1
372309d4c1a4,ドリトル先生,,,1
e2a433f67845,漫画でわかる！仮想通貨入門,,,1
3b0628a45ec1,マナブ式FX,,,1
d37cc534d2e5,ブラックジャック,,,1
34e41e0e38c3,キングダム,,,1
8df9d46609e9,鬼滅の刃,,,1
602a7c0562aa,サブスクリプションで売り上げの壁を超える方法,,,1
6d29f568c02a,1日でぜんぶ学べる 成功者の教えベストセラー100冊 (プレジデント2021年 8/13号) [雑誌],,,1
9f2034554043,成功はゴミ箱の中に レイ・クロック自伝―世界一、億万長者を生んだ男 マクドナルド創業者,,,1
29f57cb2465f,鬼滅の刃の折れない心をつくる言葉,,,1
1313ea337fcd,超影響力(DaiGo),,,1
4b3d7f9827c3,スティーブジョブズ驚異のプレゼン,,,1
261651417c59,バズる文章の作り方,,,1
c72be80966c2,黄金の羽の拾い方,,,1
3b0f7d240634,WORKSHIFT　LIFESHIFT,,,1
c5d9ede44943,竜馬がゆく,,,1
86cc283351af,モテれ。,,,1
2e6efc24cafc,魔性れの方も好き...,,,1
87fbcd7f6a04,フランス人は１０着しか服を持たない(600円代とかコスパよすぎ！2や3も出てるから間違えないようにね),,,1
d2a444060b6d,思考は現化する（上),,,1
2ba61bcd2bed,DIME 6月号,,,1
37acd7646467,成功の９ステップ,,,1
b9920ad8a1e3,ストレスを力に変える教室,,,1
b93ff4b6a647,The secret,,,1
919d0dac4900,LIMITLESS 超加速学習　ジムクイック,,,1
40f02c4fd176,小さな会社大きな仕事,,,1
077f5f0b4d4c,儲けのアイディア,,,1
0d57b7778735,超一流104人のメモ術 (プレジデントムック),,,1
924fba71d827,バレットジャーナル（色が色々あるので注意）,,,1
b5760fc708d7,スマホスライドベルト,,,1
8a38a2478cc3,戦略編（でした）,,,1
2830eb349cac,グレーもあるみたい。,,,1
24a5894bf419,ムダに悩まない自分になれる超客観力(メンタリストDaiGoさん）,,,1
d1b6c63a26a3,ミント色の方¥1867（今の値段でした）,,,1
db0f3c79f4b2,ロディアの方,,,1
562f76b1a0a4,TEDTALK 実践編,,,1
e41a768607ed,英語発音本,,,1
ac24509bde0b,多聴多読マガジン,,,1
615eb170d37d,Englishジャーナル（４月),,,1
7b6c4737ce17,英語の発音話し方技術,,,1
9979b7c8d2e5,今、新しいバージョン２もでているようですね！,,,1
b7cc834270ec,関先生の世界一わかりやすい英語発音,,,1
cd6185e0730f,最速で身につく英語力,,,1
18691ea60d4e,「お金はいつも正しい」堀江貴文,,,1
9f9d70982ec1,「新世界」西野 亮廣,,,1
92bbacbd0bc3,「週40時間の自由をつくる超時間術」メンタリストDaiGo,,,1
602051b20b60,アダムグランドのギブアンドテイク,,,1
aac724ff8be6,LDK10月号 書店にはもうあまり売ってないかも…↓,,,1
f874d82cc449,問題を解いて中学・高校６年分の英文法を総復習する,,,1
78342faf9b9c,参考文献「第二言語習得論」,,,1
50593ed37f59,問題を解いて中学・高校6年分の英文法を総復習する,,,1
28992c096245,English The American way,,,1
17373c8e12a1,47才中年サラリーマンの奇跡の勉強法」,,,1
a745c2eec294,世界は行動経済学でできている,,,1
ad60d8c163ca,ぜんぶ、すてれば,,,1
46e2a97d044d,いまさら聞けないビットコインとブロックチェーン 最新改訂版 (ディスカヴァー携書),,,1
5bdcd89f03b5,男がつらい！ - 資本主義社会の「弱者男性」論 - (ワニブックスPLUS新書),,,1
713845c9b901,新・貧乏はお金持ち――「雇われない生き方」で格差社会を逆転する,,,1
ec12248e1164,黄金の人生設計,,,1
7d588d5ba77b,BRAIN DRIVEN （ブレインドリブン） パフォーマンスが高まる脳の状態とは,,,1
d5d55dfb3319,武器としての行動経済学――「売れる」のウラ教えます,,,1
466d437c527b,オトナ女子のための自己肯定感LESSON帖　ジタバタしない。イライラしない。クヨクヨしない。,,,1
431823aac555,ロボットビジネス,,,1
705a7523d465,データ経営大全—中小企業経営の切り札,,,1
26a54661046f,結果を出すコンサルだけが知っている　「伝わらない」がなくなる話し方の順番,,,1
147fc54b1e34,書くだけで、心がととのう ひとり会議ワークブック,,,1
2c0b30bc922c,勝ち続ける社長の教科書　王道経営８×８×８の法則,,,1
03e074c65100,Unique Piece　あなたの価値の育てかた,,,1
f413902c25ac,「誰もが儲かる、わけがない」をぶち壊す 投資革命 (投資の教科書),,,1
86d5f54509c6,「制約」を使って最短で答えを出す！　絞り込み思考,,,1
08da1b25b7af,できる人の最強ルール101 The Rules of Everything Rulesシリーズ,,,1
f017ad34cf22,人材ビジネス,,,1
ed6f5ff88c2e,いつまでもずっと若々しくキレイに歳をとるための　身体と肌の再生医療の教科書,,,1
4355c1a302a6,次世代リーダーの「仕事観」革命 WAKE‐UP CALL (ウェークアップコール),,,1
7fedf09d7f68,「天職・感謝・お金」を手に入れている人の　gALf（ガルフ）な生き方,,,1
6c660eb3ba9c,世界の成功者が実践する「1分のルール」,,,1
65a2d7447bf0,ホテルビジネス,,,1
f00b9e46f3fd,小さくはじめよう ー自分らしい事業を手づくりできる「マイクロ起業」メソッド,,,1
68ba8f62fa69,性格4タイプ別 習慣術,,,1
bfe76d361a05,みんなのキャリアデザイン　なりたい自分になるために (ディスカヴァーebook選書),,,1
baf0716817ed,一匹狼のすすめ―すべての組織人に贈る「活きる」ためのメッセージ (ディスカヴァーebook選書),,,1
e58da0b5d4f8,最新の研究でわかった人生を支配する真実　すべて遺伝子のせいだった!?,,,1
9263c3970341,ドーパミンが人を操る3つの理由,,,1
df57355d0671,1万人抱いてわかった　モテる男39の法則　しみけん著,,,1
68d214060cb6,家なんて200％買ってはいけない！ (ディスカヴァーebook選書),,,1
2ab7c7f37859,肉ビジネス,,,1
7ff15923e6f6,7 POWERS――最強企業を生む７つの戦略,,,1
680539051c60,ＧＡＦＡ　ｎｅｘｔ　ｓｔａｇｅ　ガーファ　ネクストステージ―四騎士＋Ｘの次なる支配戦略,,,1
c5f845604618,ベンチャー・キャピタリスト　世界を動かす最強の「キングメーカー」たち (NewsPicksパブリッシング),,,1
fa0c6282f771,OPEN（オープン）：「開く」ことができる人・組織・国家だけが生き残る (NewsPicksパブリッシング),,,1
4c8e6b22b78b,インスタグラム：野望の果ての真実 (NewsPicksパブリッシング),,,1
d1c917724cf7,次なる１００年―歴史の危機から学ぶこと,,,1
ae9544768db0,ME TIME （ミータイム） 自分を後回しにしない「私時間」のつくり方,,,1
e12ae8771cb4,「おウチ起業」で４畳半から７億円――ネットショップで「好き」を売ってお金を稼ぐ！,,,1
7bda085c60ec,ビジネスは顔が9割 ――武器としての相貌心理学,,,1
8bc31353d5ba,100万円のスモール・ビジネスを3年以内に3000万円で売却する　ミニマム・イグジットの教科書,,,1
667cf53c3187,凡人でも「稼ぐ力」を最大化できる　努力の数値化,,,1
0fb236644852,新装版　幸せがずっと続く12の行動習慣　「人はどうしたら幸せになるか」を科学的に研究してわかったこと,,,1
8bc63681194f,脳と身体を最適化せよ！――「明晰な頭脳」「疲れない肉体」「不老長寿」を実現する科学的健康法,,,1
0cd904dd6faf,転職＆天職ハック (TJMOOK),,,1
bb2299e6ce80,BRAIN WORKOUT ブレイン・ワークアウト　人工知能（AI）と共存するための人間知性（HI）の鍛え方 (角川書店単行本),,,1
3fca80cadf63,持たざる者の逆襲　まだ何者でもない君へ (幻冬舎単行本),,,1
7092b68e1f48,アソビジネス大全──遊び＋ビジネスで人生が変わる 単行本 – 2023/10/2,,,1
d4f2f30c3c18,はじめての目標達成ノート,,,1
2c2dccd1eb86,一冊の手帳で夢は必ずかなう - なりたい自分になるシンプルな方法,,,1
c05e7b7578da,資本主義の中心で、資本主義を変える (NewsPicksパブリッシング),,,1
9f244f7826a9,ビジネスパーソンの未来をつくるリスキリングの本 キャリアアップに向けた「社会人基礎力」のススメ,,,1
72201f919241,世帯年収1000万円―「勝ち組」家庭の残酷な真実―,,,1
051cfa21c5d3,“カナダ式”で幸福度も資産も増え続ける！　いつのまにか億り人になれる超マネーハック,,,1
b6bd080593ce,できない僕がスモールビジネスで成功したアイデアと方法,,,1
683b24becbb2,低コスト生活　がんばって働いている訳じゃないのに、なぜか余裕ある人がやっていること。,,,1
aead62fd41e5,逃げの起業で小さく自由に生きていく: 消極的起業のすすめ,,,1
1b75e9fabb6a,もっと幸せに働こう　持たざる者に贈る新しい仕事術 (集英社ノンフィクション),,,1
f03846af802a,賢くしなやかに生きる脳の使い方100,,,1
694ab85f3c97,RESET［リセット］ 新しい自分を「再起動」する方法 (きずな出版),,,1
17f07c4a2396,お金から自由になる人生の設計書 年収にかかわらず経済的自立を実現する方法,,,1
02fd31f8b39b,堀江貴文のChatGPT大全 (幻冬舎単行本),,,1
bf42fe8dbc43,GO OUT (ゴーアウト) 飛び出す人だけが成功する時代,,,1
ee565f2aa009,働く人のためのメンタルコントロール――,,,1
63f0baf2522c,かすり傷も痛かった (幻冬舎単行本),,,1
2146af76bc94,一生自由に豊かに生きる！　100歳時代の勝間式人生戦略ハック100,,,1
a2fe2504d340,図解 目標管理入門 マネジメントの原理原則を使いこなしたい人のための「理論と実践」100のツボ 「理論と実践」100のツボシリーズ,,,1
8258f351eacd,自分のやりたいことが見つかる５つの質問 (きずな出版),,,1
9ae696aa0a46,じぶん時間を生きる　TRANSITION (あさま社),,,1
f0766061c74d,圧倒的に自由で快適な未来が手に入る！　勝間式ネオ・ライフハック１００,,,1
2bd3017e0a72,経済・精神の自由を手に入れる主体的思考法　＃シンFIRE論,,,1
462dae26996e,ビジネスパーソンのための低気圧不調に打ち勝つ12の習慣,,,1
76bdd337317f,億を稼ぐ勉強法,,,1
c20e94a3930e,セレンディピティ　点をつなぐ力,,,1
b9ecd9249470,Ｃｈａｔｔｅｒ（チャッター）―「頭の中のひとりごと」をコントロールし、最良の行動を導くための２６の方法,,,1
92d978a105e8,社内恋愛の教科書―――会社は人を好きになる場所でもある,,,1
96b7c83d15d4,どんな時代もサバイバルする人の「ビジネス力」養成大全,,,1
1c2f66a4d39b,ハイパフォーマー思考 高い成果を出し続ける人に共通する７つの思考・行動様式,,,1
ab5a5f83359a,夢と金 (幻冬舎単行本),,,1
71c8e8a7614a,仕事は「個性」で決まる――相手の個性に合わせて仕事をすれば、すべてうまくいく,,,1
0238131359a3,スタンフォードの脳外科医が教わった人生の扉を開く最強のマジック,,,1
226c6471449e,ユーモアは最強の武器である―スタンフォード大学ビジネススクール人気講義,,,1
94911342f645,話し方で 損する人 得する人 ( 五百田達成の話し方シリーズ ),,,1
cfc3f3c1bd4b,現代病「集中できない」を知力に変える　読む力　最新スキル大全―脳が超スピード化し、しかもクリエイティブに動き出す！,,,1
da6a8a827b08,コンセプチュアル思考 物事の本質を見極め、解釈し、獲得する,,,1
e14fd0333fba,改訂版　税金を払う奴はバカ！,,,1
17aae7e96059,スベらない商談力,,,1
c9123e916ae7,人的資本の活かしかた 組織を変えるリーダーの教科書,,,1
79e58c0d482c,00:00　導入,,,1
ffdf08b77dd1,海外の富裕層に学ぶ資産の増やし方　なぜ大富豪のサイフは空っぽなのか？,,,1
153e91546eff,７日間でなりたい私になれるワーク―――あなたを困らせているものは全部あなたの思考が創り出している,,,1
5c32bb621327,モノ・部屋・人間関係 全部スッキリ！ 人生が整う 片づけの基本（特装版）,,,1
f9ac43585c67,99％の人がしていない たった１％の仕事のコツ　決定版,,,1
ab48da55b3ae,30代が楽しくなる方法,,,1
e65afab6722d,ミッション・エコノミー　国×企業で「新しい資本主義」をつくる時代がやってきた (NewsPicksパブリッシング),,,1
a667bfbd7594,ＴＩＭＥ　ＳＭＡＲＴ（タイム・スマート）―お金と時間の科学,,,1
9272e0f28a1e,仕事の研究,,,1
118ca2923ddf,ブランディング・ファースト〈メソッド編〉,,,1
67783f71aa39,ビジネスと人生の「見え方」が一変する 生命科学的思考 (NewsPicksパブリッシング),,,1
21b8b3cc8987,疲れない大百科 - 女性専門の疲労外来ドクターが教える - (美人開花シリーズ),,,1
a74aa5993778,バランス思考――不安定な社会で成果を手にする,,,1
97ef7a174f0e,「のび太」という生きかた,,,1
30eae579963b,新訳 ハイパワー・マーケティング　あなたのビジネスを加速させる「力」の見つけ方 (角川書店単行本),,,1
119fcd58135f,最新 いまさら聞けないビットコインとブロックチェーン,,,1
b7d21e451c2b,お父さんが教える 13歳からの金融入門 (日本経済新聞出版),,,1
aa6a7a185ff3,果糖中毒――19億人が太り過ぎの世界はどのように生まれたのか?,,,1
25d2b3d94ccc,アトピー、アレルギー、乾癬　皮膚病の原因は汚血にある (幻冬舎単行本),,,1
b62fd0c7cf78,Invent & Wander――ジェフ・ベゾス Collected Writings,,,1
8e9a14c7edb2,令和版 食べるなら、どっち！？,,,1
4ff6c6565f8b,フューチャリストの自分の未来を変える授業,,,1
a5bc81cb2641,キマジメさんの「いっぱいいっぱい」でしんどい！　がラクになる　セルフ・マインド・マネジメント,,,1
1471216b3f5e,なぜ僕らは働くのか-君が幸せになるために考えてほしい大切なこと,,,1
b06b286c370c,やりきる力,,,1
38485486db9c,NETFLIX コンテンツ帝国の野望―GAFAを超える最強IT企業,,,1
9081c6eda768,死ぬまで元気でいたければとにかく内蔵を温めなさい,,,1
934713490095,人を動かす 完全版,,,1
48e3a609b0a3,ミトコンドリア革命―私たちの健康・未来はミトコンドリアが握っている,,,1
90077c976a10,1日1話、読めば心が熱くなる365人の仕事の教科書,,,1
322903003273,優しい男は負ける,,,1
9b94635ae9f8,週に何回が理想なのか？ポルノは減らす。性行為は増やす,,,1
e95182e91a14,複利で伸びる1つの習慣,,,1
f0f83d9fbd67,悩む力ー天才にすら勝てる考え方「クリティカル・シンキング」,,,1
c0383f30813a,国連人口基金東京事務所,,,1
c8f703ae7e4b,アタマがどんどん元気になる！！もっと脳の強化書2,,,1
0f83a02db913,メンタルサプリ 自分を操るポジティブな心理学,,,1
5bbf0649eb41,脳を使った休息術,,,1
f0f65a204b82,脳の中の7人の侍―勝負に強くなる,,,1
6043a8e224ad,（株）富士キメラ総研「デジタルID/認証ソリューションビジネス市場調査要覧2024」ICカード市場（2023年、数量ベース）,,,1
07f6dec1f72d,日経テクノロジー展望2026　未来をつくる100の技術,,,1
34bbc04a6253,プライマリー・バランス亡国論,,,1
9f47805c5137,検視官の現場-遺体が語る多死社会・日本のリアル,,,1
03219e32d569,日本人の幸せ-ウェルビーイングの国際比較,,,1
1d53cbc5c617,なぜマッキンゼーの人は年俸1億円でも辞めるのか？,,,1
71b5b600ad80,老害と呼ばれたくない私たち,,,1
9960be950444,冒険する組織のつくりかた──「軍事的世界観」を抜け出す5つの思考法,,,1
53f82cf0038d,総理の通訳が語るーー世界で戦うための英語戦略,,,1
de05e2c2a3ce,水の戦争,,,1
ff9034225405,大人の食物アレルギー,,,1
11d77e2fac0a,人前での話し方,,,1
0b348a95ed8b,生きる言葉,,,1
e893adc8f6e9,稼ぐ小国の戦略,,,1
e62b71a6df63,謀略の技術,,,1
63f2dc96e1d4,超新版ティッピング・ポイント 世の中を動かす「裏の三原則」,,,1
ac0dfe18664f,不動産教室,,,1
99f462983fed,新版コンサル業界大研究 (業界大研究シリーズ),,,1
6f563ebc2da8,独身こそ、自宅マンションを買いなさい,,,1
bc974ff89c0c,スマホ時代の哲学ディスカヴァー・トゥエンティワン,,,1
18829f086e08,YABUNONAKAーヤブノナカー,,,1
7f2620e3a3ac,移民リスク,,,1
75dfccad88ea,日本経済安全保障　国家国民を守る黄金律,,,1
d1c424e0e33c,眠れないほどおもしろい源氏物語: 千年読みつがれる“恋のドラマ”が９０分で読める！,,,1
45820a210da9,なぜ「戦略」で差がつくのか。―戦略思考でマーケティングは強くなる,,,1
6b89a341e8b6,脱「学校」論,,,1
abf8bfa04efb,目標や夢が達成できる　1年・1カ月・1週間・1日の時間術　目標を立てても、なかなか行動に移せない…そんな悩みを解決します！,,,1
5b37b3d1bc01,神経回路網の数理,,,1
e61088f6d9da,情報理論,,,1
c452923ffa70,脳・心・人工知能ー数理で脳を解き明かすー,,,1
06fd1d19beb4,新・空き家問題,,,1
2dafd2d65afd,論理哲学論考,,,1
995736ec7d1e,ウィトゲンシュタイン『論理哲学論考,,,1
44f62a57c3c3,営業マンは心理学者,,,1
b76ea13d66ea,量子とはなんだろう,,,1
7898e1d5e1b8,ソフトウェアファースト,,,1
0cf7d5475d0f,超絵解本　巨大地震,,,1
26a2143f6167,日本のなかの中国,,,1
ab88e7c2e561,それ、パワハラですよ？,,,1
8a7df1ddd4cc,他者と生きる,,,1
3b12dd0d943d,ダーウィン,,,1
703dc3f7eada,なぜ地方女子は東大を目指さないのか,,,1
82955875c8a5,開業医の正体-患者、看護師、お金のすべて,,,1
488b135ba484,PLURALITY,,,1
8b01bcc2286f,「宇宙の全てを支配する数式」をパパに習ってみた,,,1
7fd7b0dad0c2,ワーク・イズ・ライフ　宇宙一チャラい仕事論,,,1
14ccdc44509d,気候変動と社会,,,1
ab1a894473d3,現実とは？ーー脳と意識とテクノロジーの未来,,,1
23d8299c0e37,新版 日本人になった祖先たち,,,1
196f463f40dd,まず、ちゃんと聴く,,,1
5fc3bbb7722a,言語の本質,,,1
bdab4bd3e940,宇宙になぜ、生命があるのか,,,1
79e4decb0733,爆発する宇宙,,,1
bc3d92ea47b0,Ｚ世代化する社会―お客様になっていく若者たち,,,1
7c11692b74e4,転職の前に知っておきたい　正しい辞め方　今さら聞けない　転職・退職の超基本,,,1
1b42eeaaaab8,ゆるい職場-若者の不安の知られざる理由,,,1
70b84659667f,Richard Katz “The Contest for Japan’s Economic Future: Entrepreneurs vs. Corporate Giants” Oxford Uni Press,,,1
9aa2d0c2c544,日本の経済政策-「失われた30年」をいかに克服するか,,,1
f838446e56ed,内臓感覚,,,1
27e5b4e36246,ジェンダー格差　実証経済学は何を語るか,,,1
5b30b339ccb5,生成ＡＩ導入の教科書 （小澤健祐著）：,,,1
3989e7e3b57c,ChatGPT時代の文系AI人材になる（野口竜司）：,,,1
220b37e4712a,半導体戦争,,,1
c6706ed56388,ビジョナリー・カンパニー3 衰退の五段階,,,1
946f19a48c29,組織衰退のメカニズム: 歴史活用がもたらす罠,,,1
055084fc8a1f,ChatGPTと語る未来―AIで人間の可能性を最大限に引き出す―,,,1
98bb50399a21,LIFE SCIENCE―長生きせざるをえない時代の生命科学講義―,,,1
faf489f6acf2,非平衡統計力学―基本法則から読み解く物理学最前線―,,,1
04f37158d746,村上財団パブリックリーダー塾,,,1
b87b0d75e3e3,"Thriving on Differences – How CQ Shapes Strong Organizational Cultures (JMAM, 2025)",,,1
28e19492be10,学研の図鑑LIVE  恐竜 新版,,,1
b289f2cb6047,経営戦略全史〔完全版〕,,,1
801b4c4a3037,ビジネスモデル全史〔完全版〕,,,1
138a3375310d,すごいアイデア　「尖らせて売る」ビジネス発想の公式,,,1
d1bf7ad0e4a9,暇と退屈の倫理学,,,1
0ec579502fd3,中動態の世界─意志と責任の考古学─,,,1
4a9beb0d59dd,イシューからはじめよ［改訂版］――知的生産の「シンプルな本質」,,,1
ccc15837295e,小僧の神様,,,1
bd99dde44811,The Immune Power Personality,,,1
620bbfb16636,ポンコツ一家２年目,,,1
0f82a0b00956,ガラスの仮面,,,1
761df67dfb41,マッドマックス 怒りのデス・ロード,,,1
373b1287190a,呪術廻戦,,,1
b06b2796d601,わすれられた惑星,,,1
addcdcd99977,鞄に本だけつめこんで,,,1
60abdfe4d7cc,流星たちの宴,,,1
0261f5a896d2,流転の海,,,1
f419feae17b0,ぼくのともだち,,,1
610d38261581,求めない,,,1
e06e99142755,新訳 成功の心理学 人生の勝者に生まれ変わる10の方法,,,1
4f3c3866822d,正史 三国志,,,1
147b8e5bc088,グロテスク　下,,,1
75e7cbcbddaa,月と太陽でわかる性格事典,,,1
fc34a5946772,ローマ人の物語 I,,,1
e72bd2dc7396,心の悩みがとれる,,,1
4a7cd3e5a825,経験経済,,,1
1764d5e3b924,都市のドラマトゥルギー,,,1
